Subject,Sex,Flanker_Unadj,ListSort_Unadj,CardSort_Unadj,TotalEF_Unadj,CogFluidComp_Unadj
100004,M,121.97,96.99,103.17,322.13,105.74
100206,M,130.42,112.89,119.14,362.45,134.34
100307,F,112.56,108.06,123.75,344.37,118.16
100408,M,121.18,108.06,111.14,340.38,116.64
100610,M,126.53,117.39,129.84,373.76,124.23
101006,F,101.85,93.9,105.19,300.94,91.44
101107,M,107.04,130.38,119.76,357.18,117.37
101208,F,94.96,108.06,93.56,296.58,98.67
101309,M,113.67,117.39,99.76,330.82,107.14
101410,M,108.46,112.89,116.89,338.24,112.21
101612,F,115.22,108.06,107.66,330.94,113.8
101915,F,98.94,117.39,102.25,318.58,101.27
102008,M,115.5,100.43,119.59,335.52,121.39
102109,M,110.38,121.89,112.47,344.74,109.52
102311,F,111.75,121.89,102.83,336.47,109.45
102513,M,86.31,112.89,102.84,302.04,91.92
102614,M,124.64,117.39,124.08,366.11,142.47
102715,M,104.59,117.39,116.16,338.14,115.9
102816,F,96.95,117.39,117.1,331.44,110.62
103010,M,85.74,126.18,108.06,319.98,105.67
103111,M,103.86,126.18,107.69,337.73,109.13
103212,M,95.94,130.38,101.41,327.73,105.1
103414,F,102.76,112.89,107.52,323.17,103.52
103515,F,106.97,96.99,103.94,307.9,99.21
103818,F,101.75,117.39,107.93,327.07,106.19
104012,F,100.62,96.99,110.61,308.22,100.72
104113,M,119.39,93.9,111.65,324.94,106.9
104416,F,115.12,108.06,119.59,342.77,130.75
104820,F,108.94,112.89,115.46,337.29,109.61
105014,F,97.68,112.89,101.87,312.44,104.13
105115,M,106.14,126.18,109.62,341.94,112.18
105216,M,137.11,121.89,138.6,397.6,144.52
105620,F,115.04,121.89,143.94,380.87,134.77
105923,F,112.7,117.39,109.81,339.9,105.39
106016,F,113.61,108.06,111.97,333.64,113.59
106218,M,98.59,104.06,106.58,309.23,96.19
106319,M,113.89,104.06,128.03,345.98,117.72
106521,F,113.07,133.93,124.39,371.39,135.39
106824,M,111.44,130.38,114.82,356.64,130.82
107018,F,101.57,108.06,103.3,312.93,105.61
107119,M,94.74,117.39,103.5,315.63,101.77
107220,F,97.55,112.89,108.78,319.22,104.55
107321,F,126.63,130.38,115.07,372.08,136.46
107422,M,126.11,137.98,114.79,378.88,132.35
107523,M,90.84,91.07,99.57,281.48,85.16
107725,F,118.66,93.9,113.99,326.55,109.56
108020,M,116.83,117.39,122.44,356.66,118.6
108121,F,117.54,117.39,121.28,356.21,124.18
108222,M,118.42,144.5,109.98,372.9,132.86
108323,F,121.42,108.06,119.66,349.14,127.61
108525,M,96.17,100.43,93.21,289.81,92.29
108828,M,105.22,100.43,102.62,308.27,98.83
109123,M,120.63,133.93,110.02,364.58,136.07
109325,M,112.65,96.99,118.5,328.14,115.43
109830,F,104.13,112.89,99.49,316.51,98.6
110007,F,113.84,108.06,111.82,333.72,113.46
110411,M,118.25,121.89,125.37,365.51,123.85
110613,M,94.58,130.38,110.78,335.74,106.13
111009,F,127.2,112.89,124.54,364.63,
111211,F,108.89,121.89,115.53,346.31,117.76
111312,F,113.67,108.06,117.23,338.96,120.33
111413,F,128.39,104.06,136.1,368.55,120.67
111514,M,119.81,108.06,117.26,345.13,
111716,F,100.7,104.06,110.53,315.29,103.92
112112,M,109.37,104.06,103.46,316.89,110.01
112314,F,115.73,108.06,112.42,336.21,109.73
112516,F,116.96,100.43,100.45,317.84,106.95
112819,F,104.61,104.06,108.1,316.77,105.95
112920,M,104.78,130.38,111.59,346.75,117.75
113215,F,142.11,130.38,121.37,393.86,135.74
113316,M,92.15,117.39,104.6,314.14,111.03
113417,F,106.44,117.39,114.61,338.44,114.15
113619,F,105.31,112.89,109.35,327.55,108.75
113821,F,103.68,121.89,99.11,324.68,110.74
113922,M,109.58,133.93,122.39,365.9,132.68
114116,F,97.58,104.06,106.33,307.97,107.14
114217,F,111.98,112.89,119.5,344.37,127.6
114318,F,110.53,112.89,117.98,341.4,122.7
114419,M,102.27,117.39,107.97,327.63,116.06
114621,M,117.4,104.06,110.9,332.36,106.8
114823,F,111.75,126.18,112.93,350.86,133.15
114924,M,111.2,91.07,122.29,324.56,104.76
115017,F,104.41,104.06,107.52,315.99,106.09
115219,M,114.61,121.89,125.28,361.78,121.84
115320,F,101.82,100.43,112.78,315.03,105.52
115724,F,123.46,93.9,128.04,345.4,122.8
115825,M,112.21,104.06,95.79,312.06,98.46
116120,F,107.8,100.43,107.21,315.44,98.6
116221,M,108.65,112.89,114.64,336.18,115.11
116322,F,101.1,126.18,99.26,326.54,94.48
116423,M,117.4,100.43,111.2,329.03,114.55
116524,M,111.24,108.06,105.89,325.19,104.39
116726,M,117.4,126.18,129.19,372.77,135.09
117021,F,103.76,126.18,119.18,349.12,118.8
117122,F,111.15,117.39,119.93,348.47,126.61
117324,F,105.22,96.99,99.85,302.06,95.02
117728,F,108.52,108.06,108.29,324.87,117.2
117930,F,94.38,108.06,101.68,304.12,101.3
118023,F,118.66,100.43,108.67,327.76,113.19
118124,F,108.46,91.07,123.11,322.64,103.87
118225,M,115.38,130.38,112.58,358.34,123.88
118528,F,114.23,104.06,133.28,351.57,117.56
118730,M,110.38,112.89,112.99,336.26,111.5
118831,M,118.28,112.89,129.85,361.02,119.16
118932,M,113.07,104.06,115.43,332.56,113.22
119025,M,95.64,144.5,113.06,353.2,114.98
119126,F,109.84,112.89,104.3,327.03,118.6
119732,F,93.13,100.43,100.13,293.69,95.64
119833,F,131.82,108.06,107,346.88,116.87
120010,F,118.28,117.39,132.52,368.19,136.44
120111,F,112.13,88.68,111.96,312.77,106.18
120212,F,108.82,121.89,114.39,345.1,119.77
120414,F,96.05,100.43,98.53,295.01,93.96
120515,F,93.8,108.06,118,319.86,105.35
120717,F,116.57,117.39,125.11,359.07,128.11
120818,M,122.27,121.89,124.76,368.92,119.57
121315,M,92.83,117.39,85.01,295.23,97.65
121416,M,94.4,112.89,104.06,311.35,97.07
121618,M,112.89,104.06,108.85,325.8,104.29
121719,F,111.75,108.06,111.55,331.36,108.2
121820,F,107.28,100.43,118.23,325.94,114.47
121921,M,115.92,108.06,112.12,336.1,100.17
122317,M,105.76,117.39,103.09,326.24,108.63
122418,F,113.42,112.89,130.17,356.48,131.34
122519,F,106.2,100.43,97.25,303.88,97.75
122620,M,114.15,108.06,110.18,332.39,106.27
122822,F,107.59,104.06,106.33,317.98,104.6
123117,M,119.81,93.9,123.59,337.3,107.13
123420,F,109.84,100.43,115.19,325.46,121.75
123521,M,118.28,104.06,85.37,307.71,109.38
123723,F,107.92,100.43,113.3,321.65,102.55
123824,M,99.32,100.43,100.91,300.66,97.47
123925,F,126.15,112.89,138.91,377.95,138.52
124220,M,117.18,121.89,114.32,353.39,112.27
124321,M,104.91,100.43,111.69,317.03,98.26
124422,F,109.58,93.9,110.66,314.14,103.63
124624,F,122.27,144.5,118.76,385.53,133.93
124826,F,121.91,104.06,115.6,341.57,111.5
125222,M,97.65,133.93,104.48,336.06,118.29
125424,F,95.21,112.89,95.05,303.15,103.14
125525,F,104.32,91.07,115.16,310.55,95.71
126325,F,125.34,112.89,125.65,363.88,123.8
126426,F,103.78,108.06,108.05,319.89,123.17
126628,M,96.54,88.68,105.14,290.36,94.06
126931,F,106.78,104.06,118.69,329.53,113.45
127226,M,102.73,100.43,105.68,308.84,99.26
127327,M,115.12,108.06,120.38,343.56,123.96
127630,F,124.4,137.98,117.39,379.77,144.59
127731,F,114.06,93.9,108.95,316.91,106.06
127832,F,104.59,100.43,118.32,323.34,108.43
127933,M,108.52,117.39,119.06,344.97,120.66
128026,F,105.76,117.39,110.69,333.84,109.23
128127,F,117.4,108.06,114.71,340.17,122.73
128329,F,116.57,108.06,107.62,332.25,110.23
128632,F,107.28,112.89,107.36,327.53,105.9
128935,M,115.38,112.89,123.05,351.32,116.09
129028,M,102.41,117.39,103.92,323.72,112.2
129129,F,114.06,96.99,114.69,325.74,112.58
129331,F,119.39,121.89,127.86,369.14,131.25
129432,M,113.32,130.38,116.26,359.96,126.87
129533,F,106.41,117.39,115.79,339.59,122.47
129634,M,99.94,108.06,99.11,307.11,104.22
129937,F,92.01,96.99,101.1,290.1,100.02
130013,M,111.15,112.89,108.83,332.87,109.91
130114,M,125.19,108.06,131.62,364.87,129.97
130316,F,118.81,108.06,114.89,341.76,117.67
130417,M,122.53,108.06,114.75,345.34,106.08
130518,F,111.75,96.99,114.64,323.38,111.09
130619,F,112.21,126.18,119.16,357.55,138.64
130720,M,101.16,112.89,109.62,323.67,113.31
130821,F,123.33,100.43,122.38,346.14,115.34
130922,F,109.84,126.18,130.39,366.41,130.39
131217,F,119.25,93.9,119.87,333.02,121.83
131419,F,107.41,121.89,114.31,343.61,113.81
131621,F,103.76,130.38,108.58,342.72,121.39
131722,F,104.68,126.18,118.13,348.99,117.16
131823,M,113.97,112.89,118.01,344.87,121.96
131924,M,111.24,137.98,118.59,367.81,130.01
132017,F,116.01,108.06,115.53,339.6,123.44
132118,F,106.14,100.43,104.18,310.75,100.07
132320,F,110.08,96.99,126.65,333.72,112.95
133019,F,115.04,100.43,104.42,319.89,105.6
133221,M,106.72,108.06,114.11,328.89,111.37
133625,M,99.69,130.38,112.99,343.06,119.22
133726,F,99.19,117.39,105.74,322.32,107.35
133827,M,105.51,84.63,112.92,303.06,99.58
133928,M,108.93,108.06,110.9,327.89,113.48
134021,F,110.84,93.9,105.29,310.03,101.88
134223,F,103.76,133.93,112.99,350.68,125.24
134324,M,105.69,93.9,110.25,309.84,94.6
134425,F,107.48,100.43,115,322.91,111.92
134627,M,125.54,104.06,143.94,373.54,138.23
134728,M,110.78,104.06,117.29,332.13,111.24
134829,F,107.59,104.06,103.68,315.33,105.72
135124,F,96.18,108.06,118.91,323.15,110.23
135225,F,120.56,108.06,125.17,353.79,129.91
135427,M,111.54,93.9,107.23,312.67,92.53
135528,F,129.71,126.18,122.5,378.39,127.07
135629,M,104.89,112.89,118.62,336.4,112.75
135730,M,122.27,100.43,119.59,342.29,121.36
135932,F,115.87,100.43,143.94,360.24,126.59
136126,M,114.06,117.39,116.08,347.53,118.25
136227,M,109.29,96.99,108.57,314.85,101.09
136328,M,107.98,108.06,100.37,316.41,113.9
136530,M,104.95,112.89,112.9,330.74,113.8
136631,M,89.22,112.89,116.08,318.19,106.34
136732,F,106.09,100.43,125.81,332.33,115.22
136833,M,110.68,112.89,106.98,330.55,109.55
137027,M,108.08,117.39,123.4,348.87,117.62
137128,F,102.77,130.38,114.68,347.83,122.43
137229,M,114.61,112.89,118.74,346.24,112.82
137431,F,104.32,108.06,110.61,322.99,115.3
137532,M,112.31,108.06,98.18,318.55,99.1
137633,F,104.82,112.89,107.52,325.23,110.98
137936,M,106.48,104.06,94.99,305.53,92.39
138130,F,107.53,100.43,110.65,318.61,110.69
138231,F,108.98,100.43,110.53,319.94,108.21
138332,M,108.82,112.89,130.78,352.49,118.23
138534,M,118.66,130.38,111.03,360.07,117.27
138837,M,97.68,104.06,99.42,301.16,95.95
139233,F,115.92,108.06,122.78,346.76,119.03
139435,F,95.12,104.06,102.95,302.13,104.64
139637,F,108.46,104.06,126.05,338.57,122.82
139839,M,126.74,108.06,115.77,350.57,132.85
140117,F,101.82,108.06,101.18,311.06,98.66
140319,F,115.57,112.89,,228.46,
140420,F,105.5,108.06,106.98,320.54,104.69
140723,M,106.72,117.39,101.87,325.98,106.24
140824,M,102.48,117.39,120.35,340.22,113.69
140925,F,105.51,93.9,94.79,294.2,94.22
141119,M,115.35,130.38,120.82,366.55,130.54
141422,F,111.89,133.93,123.13,368.95,122.22
141624,F,106.46,93.9,89.97,290.33,98.87
141826,F,107.18,88.68,105.84,301.7,100.16
142424,M,84.9,93.9,88.15,266.95,84.48
142828,M,115.04,117.39,121.95,354.38,125.66
143224,F,114.61,96.99,112.65,324.25,130.49
143325,F,95.53,112.89,104.84,313.26,104.04
143426,F,94.63,126.18,108.42,329.23,105.54
143527,M,107.34,108.06,98.45,313.85,101.15
143830,F,99.19,108.06,112.84,320.09,110.79
144125,F,95.23,93.9,92.74,281.87,92.24
144226,F,116.96,88.68,108.63,314.27,100.99
144428,M,105.2,130.38,114.11,349.69,116.45
144731,F,109.9,126.18,116.47,352.55,123.07
144832,F,107.34,104.06,121.8,333.2,113.88
144933,M,99.77,104.06,103.17,307,106.27
145127,M,119.02,100.43,118.18,337.63,104.77
145531,M,100.27,96.99,100.71,297.97,97.16
145632,M,121.97,126.18,127.37,375.52,123.1
145834,F,111.15,126.18,104.92,342.25,113.61
146129,M,121.83,117.39,134.24,373.46,141.29
146331,F,96.54,93.9,111.43,301.87,101.6
146432,M,115.08,100.43,113.22,328.73,108.46
146533,M,94.48,117.39,111.28,323.15,107.07
146634,F,101.27,108.06,101.41,310.74,
146735,F,101.27,100.43,116.47,318.17,103.25
146836,M,113.5,100.43,121.88,335.81,107.16
146937,F,100.27,108.06,113.81,322.14,115.69
147030,M,119.02,104.06,119.27,342.35,109.18
147636,F,105.15,108.06,114.52,327.73,110.48
147737,F,109.98,112.89,115.42,338.29,116.06
148032,F,131.56,126.18,108.89,366.63,120.6
148133,F,112.21,112.89,128.57,353.67,120.43
148234,F,132.66,117.39,113.3,363.35,126.27
148335,F,102.6,96.99,118,317.59,104.47
148436,M,98.59,108.06,102.55,309.2,97.69
148840,F,126.74,108.06,136.1,370.9,123.11
148941,M,116.43,96.99,111.36,324.78,106.42
149236,F,128.76,117.39,136.1,382.25,145.08
149337,M,111.68,112.89,123.59,348.16,115.23
149539,M,137.11,117.39,116.55,371.05,136.77
149741,M,112.75,100.43,120.61,333.79,109.14
149842,F,116.57,108.06,138.87,363.5,117.63
150019,M,112.31,100.43,108.97,321.71,105.46
150423,F,117.09,108.06,113.54,338.69,118
150524,F,111.04,100.43,118.01,329.48,108.35
150625,M,104.54,108.06,122.09,334.69,106.26
150726,M,120.9,117.39,129.82,368.11,130.43
150928,M,113.32,117.39,118.41,349.12,117.13
151021,M,107.92,100.43,123.23,331.58,114.13
151223,F,106.83,86.4,117.97,311.2,103.39
151324,M,125.71,117.39,132.88,375.98,130.08
151425,F,106.29,108.06,128.57,342.92,126.59
151526,M,112.45,117.39,108.98,338.82,114.43
151627,F,121.64,121.89,119.76,363.29,121.16
151728,M,122.53,126.18,108.39,357.1,115.77
151829,F,115.12,117.39,125.31,357.82,126.73
151930,M,114.8,117.39,124.56,356.75,126.28
152225,M,116.43,144.5,122.94,383.87,136.13
152427,F,108.18,130.38,114.32,352.88,131.91
152831,M,106.89,104.06,115.84,326.79,101.49
152932,F,121.55,108.06,111.52,341.13,113.53
153025,F,114.53,133.93,115.29,363.75,119.21
153126,F,113.2,104.06,112.55,329.81,113.62
153227,F,105.63,100.43,108.33,314.39,104.9
153429,M,125.34,121.89,117.54,364.77,125.01
153631,F,109.9,104.06,116.8,330.76,102.8
153732,F,100.84,96.99,99.42,297.25,105.55
153833,F,112.7,126.18,116.67,355.55,118.59
153934,M,121.39,126.18,143.94,391.51,140.92
154229,F,114.61,112.89,103.77,331.27,111.36
154330,M,120.36,126.18,123.26,369.8,126.62
154431,F,125.19,100.43,118.84,344.46,118.87
154532,M,93.57,104.06,100.6,298.23,106.07
154734,M,129.71,108.06,123.61,361.38,115.49
154835,F,98.47,117.39,118.01,333.87,111.57
154936,M,106.14,104.06,123.02,333.22,104.9
155231,F,110.17,100.43,111.65,322.25,112.27
155635,F,118.19,121.89,118.5,358.58,126.95
155938,M,142.11,108.06,116.08,366.25,113.69
156031,F,105.15,108.06,110.99,324.2,125.16
156233,F,142.11,93.9,136.1,372.11,135.81
156334,F,121.42,100.43,119.76,341.61,124.91
156435,M,130.68,117.39,128.95,377.02,138.95
156536,M,124.78,121.89,129.77,376.44,140.22
156637,M,91.1,117.39,96.14,304.63,92.93
157235,M,116.57,121.89,120.35,358.81,126.35
157336,F,120.9,84.63,113.99,319.52,110.22
157437,F,110.98,100.43,129.82,341.23,115.36
157942,F,106.78,117.39,112.04,336.21,113.12
158035,F,126.63,84.63,130,341.26,114.15
158136,M,103.95,93.9,107.74,305.59,101.93
158338,M,108.4,104.06,134.08,346.54,117.38
158540,M,114.97,112.89,115.16,343.02,113.21
158843,M,114.53,126.18,114.06,354.77,112.8
159138,M,109.58,108.06,114.78,332.42,108.2
159239,F,119.7,121.89,109.54,351.13,119.08
159340,M,106.78,104.06,101.54,312.38,100.69
159441,F,95.8,121.89,107.79,325.48,98.71
159744,M,127.39,126.18,120.68,374.25,133.41
159845,F,105.96,108.06,110.45,324.47,103.17
159946,M,131.35,108.06,125,364.41,135.05
160123,M,116.34,121.89,113.02,351.25,119.21
160729,F,107.18,117.39,118.99,343.56,123.43
160830,F,102.76,108.06,115.38,326.2,104.77
160931,F,121.91,108.06,119.49,349.46,118.63
161327,F,112.31,117.39,121.94,351.64,119.29
161630,F,127.53,117.39,136.1,381.02,124.46
161731,F,107.82,93.9,113.93,315.65,109.33
161832,M,100.97,112.89,108.35,322.21,101.75
162026,F,111.98,93.9,119.39,325.27,112.26
162228,M,110.74,121.89,108.21,340.84,111.53
162329,F,108.18,108.06,83.93,300.17,101.16
162733,F,100.47,126.18,97.57,324.22,106.18
162834,F,107.92,108.06,111.93,327.91,111.17
162935,M,123.33,104.06,123.42,350.81,109.27
163129,M,125.46,112.89,117.07,355.42,117.72
163331,M,107.71,130.38,101.66,339.75,110.1
163432,F,119.39,112.89,115.43,347.71,115.04
163836,F,100.45,93.9,94.25,288.6,90.13
164030,M,109.62,112.89,123.58,346.09,120.87
164131,M,120.07,126.18,113.81,360.06,126.94
164636,M,124.78,137.98,114.13,376.89,119.38
164939,F,114.29,100.43,118.32,333.04,110.14
165032,M,122.6,96.99,131.62,351.21,127.32
165234,F,122.27,100.43,122.83,345.53,
165436,M,95.9,112.89,103.89,312.68,110.88
165638,M,107.92,126.18,108.08,342.18,123.09
165840,M,99.09,108.06,96.91,304.06,95.04
165941,F,109.9,112.89,143.94,366.73,135.49
166438,M,107.48,117.39,112.9,337.77,112.93
166640,M,95.34,112.89,102.88,311.11,86.68
167036,F,101.99,100.43,116.55,318.97,114.18
167238,F,116.72,108.06,119.76,344.54,113.95
167440,F,112.13,93.9,112.04,318.07,106.75
167743,F,110.78,108.06,113.41,332.25,106.21
168038,M,104.89,100.43,136.1,341.42,110.36
168139,M,104.56,121.89,101.7,328.15,106.22
168240,M,115.73,104.06,124.66,344.45,112.36
168341,M,103.95,112.89,104.41,321.25,102.15
168745,F,99.86,121.89,105.99,327.74,112.12
168947,F,97.34,117.39,108.18,322.91,113.8
169040,M,116.12,108.06,112.64,336.82,111.13
169141,M,131.28,108.06,114.89,354.23,121.83
169343,F,98.53,88.68,103.46,290.67,94.81
169444,F,104.72,104.06,108.25,317.03,99.93
169545,M,116.34,126.18,143.94,386.46,142.88
169747,F,115.12,108.06,108.39,331.57,107.39
169949,M,115.87,112.89,122.44,351.2,129.45
170631,F,105.76,100.43,103.82,310.01,107.94
170934,F,116.83,100.43,124.56,341.82,112.08
171128,F,99.11,93.9,102.37,295.38,99.79
171330,M,113.5,108.06,111.22,332.78,109.47
171431,F,104.2,117.39,113.76,335.35,108.43
171532,F,105.88,108.06,109.56,323.5,108
171633,M,112.31,96.99,112.37,321.67,111.51
171734,F,97.94,112.89,104.34,315.17,103.95
172029,M,109.62,100.43,116.59,326.64,103.78
172130,M,113.32,112.89,118.52,344.73,113.18
172332,F,104.59,93.9,104.38,302.87,97.61
172433,M,107.76,117.39,111.94,337.09,120.01
172534,F,106.72,117.39,109.81,333.92,120.83
172635,M,98.2,108.06,97.75,304.01,108.54
172938,F,104.32,96.99,108.38,309.69,101.81
173132,M,120.36,100.43,122.05,342.84,114.04
173233,M,106.29,108.06,120.16,334.51,105.74
173334,M,125.54,133.93,115.03,374.5,117.35
173435,F,106.78,121.89,115.91,344.58,114.98
173536,F,114.33,108.06,122.99,345.38,135.6
173637,F,114.29,108.06,143.94,366.29,132.42
173738,M,118.28,100.43,121.24,339.95,121.15
173839,F,94.89,112.89,113.6,321.38,108.47
173940,F,96.43,121.89,107.84,326.16,113.6
174437,F,108.59,96.99,102.11,307.69,102.58
174841,M,99.32,100.43,120.38,320.13,103.51
175035,M,99.82,96.99,110.9,307.71,94.23
175136,F,98.51,108.06,111.88,318.45,118.36
175237,F,117.4,130.38,112.4,360.18,141.13
175338,F,112.21,112.89,113.3,338.4,108.64
175439,F,104.75,96.99,115.53,317.27,111.43
175540,M,112.45,108.06,113.6,334.11,111.74
175742,F,110.53,117.39,116.5,344.42,130.76
175944,M,94.4,108.06,101.03,303.49,101.23
176037,F,127.66,117.39,128.19,373.24,137.28
176239,M,115.12,121.89,114.62,351.63,114.31
176441,M,117.71,104.06,107.98,329.75,106.34
176542,F,111.62,112.89,101.27,325.78,111.56
176744,M,113.5,117.39,118.72,349.61,123.85
176845,F,109.54,104.06,107.14,320.74,116.28
177140,F,104.82,117.39,113.2,335.41,118.26
177241,M,112.13,104.06,118.45,334.64,119.84
177342,M,113.5,108.06,117.31,338.87,107.88
177645,F,110.91,108.06,125.42,344.39,115.87
177746,F,106.54,112.89,108.78,328.21,103.83
178142,F,114.23,121.89,122.5,358.62,124.47
178243,M,130.89,108.06,98.44,337.39,116.95
178647,F,97.46,100.43,100.17,298.06,98.54
178748,M,95.23,93.9,106.61,295.74,96.06
178849,M,131.61,108.06,118.76,358.43,118.26
178950,M,114.33,126.18,120.24,360.75,127.22
179043,F,119.81,93.9,123.59,337.3,120.79
179245,F,93.13,108.06,105.94,307.13,101.37
179346,F,114.7,130.38,114.23,359.31,126.94
179548,F,99.82,126.18,113.13,339.13,113.65
179952,F,104.24,108.06,104.06,316.36,106.92
180129,F,109.84,100.43,103.44,313.71,102.48
180230,F,106.2,137.98,128.03,372.21,127.06
180432,F,136.62,100.43,143.94,380.99,138.88
180533,F,99.82,108.06,119.93,327.81,117.14
180735,F,93.64,117.39,106.14,317.17,106.12
180836,F,86.57,93.9,101.84,282.31,90.71
180937,M,104.32,133.93,122.12,360.37,112.91
181131,F,109.47,108.06,116.81,334.34,119.42
181232,F,120.9,112.89,130.59,364.38,126.36
181636,F,100.6,96.99,99.17,296.76,95.28
182032,F,114.97,117.39,124.9,357.26,120.6
182436,F,104.49,93.9,94.34,292.73,96.58
182739,F,94.89,104.06,95.39,294.34,94.78
182840,M,115.38,112.89,126.59,354.86,115.36
183034,M,115.31,126.18,122.94,364.43,119.58
183337,F,96.31,93.9,102.84,293.05,95.37
183741,M,102.96,100.43,113.58,316.97,108.12
184642,F,101.98,108.06,111.51,321.55,106.48
185038,M,112.25,108.06,123.05,343.36,114.71
185139,F,142.11,117.39,129.86,389.36,130.19
185341,F,117.28,108.06,132.18,357.52,113.53
185442,M,142.11,108.06,119.58,369.75,127.93
185846,M,111.54,108.06,97.16,316.76,99.21
185947,F,115.73,108.06,114.39,338.18,117.57
186040,M,119.39,133.93,138.87,392.19,141.24
186141,M,107.12,100.43,95.95,303.5,95.71
186242,M,108.31,108.06,110.46,326.83,109.16
186444,F,120.49,112.89,114.35,347.73,122.85
186545,F,105.22,108.06,111.2,324.48,108.54
186848,F,89.47,93.9,104.86,288.23,95.79
186949,M,102.64,112.89,118.76,334.29,103.17
187143,M,96.14,117.39,106.28,319.81,99.38
187345,F,116.43,126.18,123.23,365.84,142.3
187547,F,125.05,126.18,121.77,373,127.07
187850,M,118.12,104.06,119.87,342.05,119.3
188145,F,96.47,126.18,118.18,340.83,122.45
188246,M,109.84,112.89,107.35,330.08,110.38
188347,F,115.38,117.39,113.9,346.67,122.02
188448,F,112.77,126.18,123.99,362.94,129.99
188549,M,123.46,96.99,112.62,333.07,102.94
188751,M,112.77,112.89,126.06,351.72,130.02
189349,F,119.97,108.06,126.58,354.61,113.19
189450,M,103.64,100.43,103.5,307.57,99.87
189551,F,115.31,117.39,107.14,339.84,123.84
189652,M,89.59,104.06,122.5,316.15,102.48
190031,F,111.24,117.39,133.28,361.91,127.08
190132,F,102.71,93.9,106.98,303.59,96.94
190940,M,92.34,100.43,94.94,287.71,89.91
191033,F,116.34,104.06,114.32,334.72,
191235,M,121.28,108.06,117.98,347.32,120.61
191336,M,123.33,126.18,134.24,383.75,132.76
191437,F,95.26,126.18,99.01,320.45,109.22
191639,M,111.62,112.89,113.3,337.81,110.5
191841,F,109.37,112.89,111.59,333.85,109.72
191942,M,98.63,112.89,109.56,321.08,105.31
192035,F,104.56,104.06,107.15,315.77,103.95
192136,M,117.89,108.06,112.74,338.69,125.05
192237,F,100.04,100.43,99.01,299.48,96.82
192439,F,111.68,88.68,106,306.36,96.1
192540,F,114.15,112.89,119.76,346.8,123.77
192641,F,118.95,112.89,112.65,344.49,121.79
192843,M,124.13,100.43,113.03,337.59,111.73
193239,F,117.4,100.43,111.26,329.09,117.26
193441,M,115.66,133.93,117.1,366.69,130.8
193845,M,113.07,112.89,116.7,342.66,128.11
194140,F,110.9,93.9,104.77,309.57,98.28
194443,M,109.37,100.43,116.64,326.44,120.67
194645,M,113.75,112.89,116.7,343.34,108.36
194746,M,102.05,108.06,104.98,315.09,99
194847,F,112.56,126.18,113.99,352.73,123.09
194948,F,108.4,100.43,110.27,319.1,104.93
195041,F,108.94,100.43,119.58,328.95,110.07
195445,F,108.78,108.06,118.76,335.6,116.78
195647,F,101.27,100.43,108.83,310.53,106.22
195849,M,107.24,117.39,117.17,341.8,112.97
195950,M,118.42,100.43,114.11,332.96,110.01
196144,F,109.29,112.89,120.05,342.23,114.42
196346,M,118.66,117.39,128.4,364.45,119.01
196548,M,121.42,104.06,125.08,350.56,108.17
196750,F,131.28,100.43,114.05,345.76,125.12
196851,M,116.57,130.38,122.18,369.13,129.81
196952,F,98.2,108.06,112.22,318.48,108.17
197348,F,107.92,104.06,116.5,328.48,111.63
197449,F,115.44,93.9,97.58,306.92,99.45
197550,F,109.37,108.06,104.97,322.4,106.9
197651,F,131.28,108.06,125.34,364.68,132.73
197954,F,115.91,100.43,124.3,340.64,112.91
198047,F,105.26,121.89,119.14,346.29,114.42
198249,M,110.99,104.06,107.84,322.89,111.01
198350,M,122.27,121.89,118.66,362.82,123.11
198451,M,118.28,117.39,118.33,354,117.14
198653,M,124.78,117.39,128.42,370.59,136.44
198855,M,96.28,104.06,97.15,297.49,100.95
199150,F,115.73,104.06,106.15,325.94,109.75
199251,F,108.82,121.89,121.25,351.96,118
199352,F,112.45,112.89,121.78,347.12,130.47
199453,M,127.95,121.89,110.55,360.39,122.03
199554,M,112.77,100.43,105.38,318.58,
199655,M,102.16,108.06,108.49,318.71,105.72
199958,M,113.42,108.06,107.98,329.46,112.12
200008,F,114.61,117.39,124.39,356.39,119.31
200109,F,124.92,126.18,118.69,369.79,144.67
200210,M,114.03,126.18,105.74,345.95,118.17
200311,M,122.4,112.89,113.53,348.82,109.12
200513,M,130.09,96.99,120.61,347.69,122.27
200614,F,118.42,93.9,115.21,327.53,111.29
200816,F,92.57,104.06,100.25,296.88,104.48
200917,F,95.78,133.93,106.28,335.99,116.06
201111,M,103.14,117.39,98.12,318.65,107.47
201414,F,118.81,117.39,108.63,344.83,107.3
201515,M,122.27,112.89,123.42,358.58,126.6
201717,M,127.66,117.39,128.62,373.67,
201818,F,103.76,93.9,109.47,307.13,103.29
202113,F,124.78,130.38,119.52,374.68,134.76
202719,M,121.09,117.39,118.5,356.98,130.71
202820,F,93.71,96.99,128.6,319.3,108.29
203418,M,109.98,104.06,117.19,331.23,115.62
203721,F,106.29,100.43,96.02,302.74,101.31
203923,F,102.76,108.06,116.94,327.76,108.24
204016,F,101.1,112.89,115.72,329.71,109.83
204117,F,100.97,100.43,111.44,312.84,102.35
204218,M,129.54,104.06,111.93,345.53,112.91
204319,F,109.09,117.39,123.06,349.54,130.63
204420,F,119.39,108.06,107.15,334.6,110.19
204521,F,103.64,104.06,111.51,319.21,103.4
204622,F,105.15,104.06,100,309.21,100.34
205119,M,116.96,108.06,118.53,343.55,108.2
205220,F,112.38,112.89,120.45,345.72,118.77
205725,F,134.24,117.39,143.94,395.57,138.22
205826,M,104.75,112.89,114.3,331.94,108.66
206222,M,110.99,108.06,107.03,326.08,113.53
206323,F,110.91,100.43,126.71,338.05,117.09
206525,M,129.3,126.18,124.48,379.96,132.69
206727,M,102.2,108.06,94.98,305.24,94.87
206828,M,121.55,144.5,120.58,386.63,145.17
206929,M,103.76,108.06,120.16,331.98,105.84
207123,M,111.54,112.89,108.63,333.06,113.53
207426,M,127.53,96.99,120.38,344.9,115.11
207628,M,108.46,80.79,118.33,307.58,102.27
208024,F,98.53,126.18,104.73,329.44,109.18
208125,F,130.21,121.89,118.53,370.63,132.66
208226,F,102.37,133.93,107.52,343.82,121.94
208327,M,126.95,126.18,118.33,371.46,121.01
208428,F,91.79,93.9,101,286.69,90.94
208630,M,98.87,117.39,106.9,323.16,110.48
208832,F,106.66,117.39,98.48,322.53,109.87
209127,F,113.84,121.89,121.2,356.93,127.67
209228,F,111.29,108.06,118.18,337.53,112.66
209329,F,115.31,133.93,113.47,362.71,131.26
209531,F,105.26,108.06,117.92,331.24,111.77
209834,F,98.53,100.43,92.5,291.46,90.44
209935,M,134.94,93.9,129.69,358.53,115.15
210011,M,124.78,112.89,125.89,363.56,123.59
210112,M,98.12,93.9,109.59,301.61,107.96
210415,F,111.75,100.43,99.6,311.78,108.13
210617,F,114.97,112.89,113.37,341.23,112.93
211114,F,114.12,112.89,125.21,352.22,117.89
211215,M,142.11,117.39,134.69,394.19,135.49
211316,F,103.32,100.43,112.93,316.68,101.61
211417,M,123.33,121.89,129.6,374.82,123.77
211518,F,101.98,133.93,120.31,356.22,118.09
211619,M,108.59,100.43,101.14,310.16,115
211720,M,104.04,91.07,101,296.11,97.39
211821,M,116.83,96.99,116.45,330.27,110.71
211922,F,116.12,117.39,122.12,355.63,134.77
212015,M,121.83,130.38,119.42,371.63,128.28
212116,M,119.39,104.06,121.94,345.39,125.5
212217,F,125.85,104.06,85.01,314.92,97.91
212318,F,123.46,108.06,111.2,342.72,112.26
212419,F,122.84,100.43,143.94,367.21,130.06
212520,F,102.23,117.39,102.82,322.44,110.18
212823,M,99.86,100.43,119.59,319.88,106.01
212924,F,113.89,130.38,112.24,356.51,127.97
213017,M,115.22,104.06,130.33,349.61,120.31
213421,F,113.89,112.89,123.18,349.96,125.66
213522,M,119.7,108.06,124.7,352.46,117.27
214019,F,115.08,117.39,109.82,342.29,119.45
214221,F,109,96.99,96.12,302.11,100.69
214423,M,118.51,80.79,107.42,306.72,101.33
214524,M,110.53,130.38,122.29,363.2,123.78
214625,F,126.53,121.89,109.23,357.65,126.82
214726,M,127.35,117.39,126.42,371.16,
217126,M,106.72,96.99,99.24,302.95,101.99
217429,F,120.56,126.18,113.36,360.1,122.63
218128,M,93.57,108.06,105.55,307.18,103.58
219231,M,106.37,126.18,115.62,348.17,106.27
220721,M,120.07,108.06,124.54,352.67,129.6
221218,F,91.27,88.68,108.56,288.51,89.17
221319,F,101.85,88.68,102.9,293.43,96.1
223929,M,119.39,108.06,113.99,341.44,130.7
224022,F,108.46,117.39,109.98,335.83,111.23
227432,M,104.59,108.06,110.57,323.22,107.82
227533,F,93.04,93.9,93.8,280.74,94.77
228434,F,108.78,126.18,114.31,349.27,112.73
230926,F,118.81,117.39,114.61,350.81,128.87
231928,F,109.29,117.39,122.01,348.69,119.73
233326,M,122.84,117.39,143.94,384.17,130.12
235128,F,104.75,93.9,109.72,308.37,100.67
236130,F,112.65,126.18,119.7,358.53,126.97
237334,F,106.83,108.06,107.73,322.62,104.67
238033,M,102.48,104.06,107.73,314.27,96.95
239136,F,106.29,93.9,109.2,309.39,107.08
239944,F,95.01,112.89,110.94,318.84,110.97
245333,F,109.18,121.89,114.06,345.13,126.25
246133,F,98.96,108.06,109.62,316.64,106.94
248238,F,114.2,108.06,128.03,350.29,117.43
248339,M,119.39,117.39,129.94,366.72,133.66
249947,F,125.19,96.99,108.1,330.28,112.82
250427,F,113.2,117.39,119.18,349.77,119.29
250932,F,102.83,117.39,114.23,334.45,112.45
251833,M,116.43,108.06,122.94,347.43,121.86
255639,F,108.31,108.06,112.12,328.49,120.29
255740,F,114.97,126.18,103.93,345.08,115.36
256540,F,117.57,112.89,133.36,363.82,121.85
257542,F,92.88,126.18,102.9,321.96,112.38
257845,M,123.33,117.39,138.87,379.59,124.32
257946,F,115.38,108.06,104.54,327.98,112.89
263032,F,104.24,93.9,80.94,279.08,95.41
263436,F,90.61,100.43,97.19,288.23,102.69
268749,M,126.63,108.06,105.69,340.38,132.76
268850,F,100.21,108.06,110.66,318.93,108.79
270332,M,119.16,126.18,125.81,371.15,125.24
274542,F,113.2,100.43,107.69,321.32,111.15
275645,M,108.4,104.06,112.4,324.86,115.24
280739,F,101.27,88.68,113.09,303.04,99.1
280941,F,114.06,117.39,118.77,350.22,123.97
281135,M,101.35,100.43,114.23,316.01,102.89
283543,M,114.06,100.43,138.87,353.36,119.84
284646,M,90.22,93.9,117.19,301.31,
285345,F,100.02,112.89,103.33,316.24,98.28
285446,M,115.87,117.39,124.56,357.82,131.08
286347,F,89.75,130.38,93.24,313.37,106.2
286650,M,118.28,117.39,121.3,356.97,120.78
287248,F,95.42,108.06,110.97,314.45,100.19
289555,F,114.23,100.43,125.01,339.67,109.43
290136,F,128.63,130.38,112.65,371.66,140.39
293748,F,122.53,104.06,118.62,345.21,119.58
295146,F,111.44,112.89,112.78,337.11,112.22
297655,F,93.17,126.18,107.52,326.87,107.37
298051,F,124.78,117.39,116.2,358.37,119.01
298455,M,97.25,108.06,107.66,312.97,106.79
299154,M,97.58,117.39,105.89,320.86,122.25
299760,M,97.81,108.06,97.94,303.81,106.7
300618,M,99.89,108.06,126.59,334.54,122.13
300719,M,107,126.18,119.81,352.99,136.03
303119,F,120.7,100.43,127.11,348.24,114.71
303624,M,108.94,121.89,107.04,337.87,119.83
304020,M,122.84,126.18,108.07,357.09,126.61
304727,F,103.16,133.93,116.08,353.17,111.68
305830,F,100.42,108.06,105,313.48,109.5
307127,F,128.63,100.43,102.03,331.09,113.49
308129,M,142.11,112.89,118.45,373.45,129.46
308331,M,103.4,112.89,100.95,317.24,104.13
309636,F,142.11,126.18,132.18,400.47,141.02
310621,F,107.28,117.39,109.67,334.34,118.51
311320,M,118.28,88.68,85.01,291.97,94.15
314225,M,107.53,112.89,105.06,325.48,97.11
316633,F,115.57,130.38,118.84,364.79,133.21
316835,F,119.16,100.43,122.83,342.42,118
317332,M,111.1,121.89,111.26,344.25,127.08
318637,M,109.29,112.89,103.82,326,102.67
320826,F,108.46,100.43,101.77,310.66,101.5
321323,F,105.63,117.39,107.01,330.03,102.54
322224,F,102.83,104.06,113.96,320.85,103.82
325129,M,92.34,108.06,107.65,308.05,108.66
329440,M,110.84,121.89,122.18,354.91,126.42
329844,M,117.71,108.06,126.59,352.36,128.74
330324,M,110.53,117.39,126.52,354.44,119.72
333330,F,102.45,100.43,105.24,308.12,102.67
334635,F,116.58,96.99,103.23,316.8,100.19
336841,M,131.49,100.43,142.78,374.7,125.61
339847,F,109.62,104.06,123.99,337.67,114.93
341733,F,105.22,100.43,107.51,313.16,104.21
341834,M,119.97,104.06,129.84,353.87,130.12
341935,F,105.04,91.07,,196.11,
342129,M,111.54,108.06,126.52,346.12,131.8
346137,M,119.25,117.39,124.8,361.44,121.49
346945,F,121.28,117.39,108.18,346.85,121.7
348545,M,134.18,126.18,109.36,369.72,135
349244,M,114.97,112.89,118.71,346.57,122.53
350330,F,113.89,112.89,126.71,353.49,132.39
351938,F,103.95,108.06,116.47,328.48,105.22
352132,M,112.09,112.89,112.2,337.18,109.41
352738,M,131.35,117.39,129.78,378.52,127.49
353740,M,110.46,100.43,132.18,343.07,129.82
354439,F,111.35,117.39,114.75,343.49,116.31
354944,M,84.93,104.06,90.27,279.26,87.25
355239,F,110.02,108.06,103.68,321.76,102.7
355542,F,119.16,100.43,104.66,324.25,106.97
355845,F,108.08,104.06,121.28,333.42,116.5
356948,F,121.18,121.89,99.49,342.56,114.17
358144,F,117.4,117.39,122.33,357.12,132.08
360030,F,103.81,112.89,125.88,342.58,125.61
361234,F,101.93,108.06,115.16,325.15,103.34
361941,M,116.72,100.43,118.76,335.91,115.67
362034,F,85.91,93.9,92.58,272.39,93.23
365343,F,120.36,108.06,125.86,354.28,120.65
366042,F,127.29,117.39,124.42,369.1,123.06
366446,M,109.54,104.06,109.8,323.4,103.65
368551,M,123.33,100.43,126.06,349.82,113.96
368753,F,112.56,117.39,128.95,358.9,132.74
370740,F,111.75,117.39,112.79,341.93,113.17
371843,F,106.59,112.89,106.1,325.58,110.69
373039,F,99.64,117.39,102.96,319.99,113.22
376247,F,105.85,104.06,119.81,329.72,124.84
377451,F,101.21,108.06,107.32,316.59,110.29
378756,M,120.9,117.39,101.18,339.47,125.51
378857,F,118.51,112.89,104.34,335.74,108.66
379657,F,111.04,100.43,107.79,319.26,110.04
380036,M,117.09,121.89,120.64,359.62,132.67
381038,F,109.72,100.43,108.11,318.26,111.33
381543,F,117.28,130.38,121.3,368.96,135.45
382242,F,122.76,144.5,117.72,384.98,128.56
382545,M,119.39,121.89,99.91,341.19,120.91
384448,M,108.82,108.06,110.33,327.21,109.18
385046,M,106.29,93.9,108.63,308.82,99.06
385450,M,113.61,121.89,116.16,351.66,121.98
386250,M,111.1,117.39,101.79,330.28,104.47
387959,M,104.16,121.89,130.31,356.36,120.5
389357,F,100.57,117.39,81.27,299.23,114.56
390645,F,102.76,100.43,109.24,312.43,
391748,F,130.09,117.39,129.46,376.94,135.87
392447,M,122.08,117.39,116.7,356.17,132.76
392750,M,128.76,117.39,115.03,361.18,135.1
393247,F,112.38,112.89,,225.27,
393550,M,130.09,112.89,143.94,386.92,135.04
394956,F,106.59,96.99,119.05,322.63,107.76
395251,F,115.16,108.06,115.22,338.44,111.37
395756,F,108.94,93.9,110.09,312.93,106.81
395958,M,115.22,100.43,120.82,336.47,100.56
397154,F,106.97,130.38,113.18,350.53,122.78
397760,M,115.57,104.06,121.88,341.51,115.49
397861,M,111.89,112.89,105.85,330.63,114.92
398964,F,107.92,96.99,98.24,303.15,96.87
401422,F,120.9,130.38,136.1,387.38,138.66
403628,F,92.88,112.89,116.49,322.26,98.9
406432,M,119.7,108.06,98.1,325.86,118.41
406836,F,106.72,117.39,115.43,339.54,114.42
412528,F,115.66,100.43,125.25,341.34,121.14
413934,F,104.78,117.39,98.58,320.75,103.81
414229,M,119.02,130.38,121.78,371.18,127.23
415837,F,109.26,100.43,117.1,326.79,114.43
419239,F,103.04,108.06,112.02,323.12,109.72
421226,M,124.78,100.43,111.96,337.17,116.05
422632,F,107.18,117.39,123.59,348.16,110.26
424939,M,126.74,108.06,129.94,364.74,114.28
429040,F,120.07,80.79,121.25,322.11,
432332,F,99.55,112.89,108.39,320.83,125.52
433839,M,111.54,100.43,124.42,336.39,109.19
435136,M,114.61,112.89,119.47,346.97,125.09
436239,F,99.41,108.06,102.83,310.3,108.3
436845,F,105.51,96.99,116.55,319.05,107.17
441939,F,122.53,112.89,125.09,360.51,120.67
445543,M,122.84,100.43,128.87,352.14,113.36
446545,F,131.07,93.9,122.44,347.41,105.7
448347,M,132.75,117.39,128.43,378.57,129.68
449753,M,115.66,112.89,114.85,343.4,117.58
453441,M,123.46,108.06,115.96,347.48,123.43
453542,F,99.77,108.06,105.58,313.41,109.57
454140,M,94.19,104.06,119.76,318.01,102.34
456346,F,115.66,108.06,103.28,327,105.26
457045,F,109.18,117.39,113.67,340.24,125.16
459453,F,108.78,96.99,116.47,322.24,106.92
461743,M,99.34,112.89,102.39,314.62,102.51
462139,F,100.58,112.89,111.22,324.69,104.99
463040,F,93.31,108.06,99.31,300.68,107.18
465852,F,96.8,96.99,106.95,300.74,102.55
467351,M,113.5,117.39,123.13,354.02,120.79
468050,F,121.82,104.06,120.54,346.42,116.23
469961,F,107.18,117.39,119.67,344.24,131.3
473952,F,102.6,117.39,106.48,326.47,102.77
475855,F,105.26,108.06,106.99,320.31,104.93
479762,M,101.98,104.06,107.29,313.33,98.71
480141,F,111.64,100.43,127.22,339.29,118.32
481042,F,93.29,112.89,106.43,312.61,103.74
481143,F,117.4,121.89,117.96,357.25,123.1
481951,F,127.73,108.06,122.18,357.97,129.25
485757,F,118.51,126.18,116.16,360.85,131.31
486759,M,114.15,108.06,111.94,334.15,110.91
492754,F,106.09,96.99,114.78,317.86,106.54
495255,M,115.73,108.06,120.56,344.35,119.05
497764,M,113.84,112.89,113.67,340.4,106.34
497865,M,105.72,96.99,123.76,326.47,103.8
499566,F,119.16,117.39,143.94,380.49,133.83
500222,F,115.92,100.43,125.34,341.69,118.59
506234,M,122.08,117.39,111.38,350.85,117.39
510225,F,102.33,112.89,126.99,342.21,115.13
510326,F,106,93.9,120.61,320.51,105.85
512835,M,104.75,117.39,111.83,333.97,109.46
513130,F,94.89,112.89,106.13,313.91,98.71
513736,F,132.04,117.39,122.83,372.26,130.63
516742,M,104.08,117.39,116.64,338.11,103.51
517239,M,112.56,100.43,115.84,328.83,115.94
518746,M,115.38,100.43,104.57,320.38,109.66
519647,M,90.5,108.06,92.72,291.28,94.3
519950,F,103.6,112.89,109.42,325.91,108.82
520228,M,88.07,121.89,100.6,310.56,105.17
521331,F,104.68,108.06,112.66,325.4,112.54
522434,F,125.19,112.89,114.05,352.13,129.45
523032,M,115.73,108.06,120.07,343.86,113.86
524135,M,133.58,126.18,133.54,393.3,144.48
525541,F,120.49,108.06,129.94,358.49,137.64
529549,F,101.35,112.89,115.79,330.03,121.13
529953,M,118.28,117.39,109.67,345.34,108.48
530635,M,101.99,104.06,111.94,317.99,108.5
531536,M,112.65,100.43,116.89,329.97,104.3
531940,F,113.42,100.43,112.6,326.45,125.63
536647,F,94.99,96.99,99.43,291.41,91.24
537952,F,111.04,117.39,126.59,355.02,137.94
540436,M,127.5,93.9,111.14,332.54,100.68
541640,M,125.61,126.18,129.82,381.61,133.16
541943,F,107.48,112.89,114.55,334.92,110.12
545345,M,103.6,108.06,107.15,318.81,97.35
547046,F,98.8,121.89,107.6,328.29,107.4
548250,M,125.46,121.89,129.6,376.95,127.71
549757,F,104.99,108.06,116.64,329.69,111.87
550035,M,116.57,144.5,136.1,397.17,146.64
550439,M,101.31,93.9,113.32,308.53,102.46
551138,F,106.66,100.43,110.69,317.78,102.78
552241,M,95.69,96.99,99.88,292.56,93.74
552544,F,107.82,93.9,112.9,314.62,100.36
553344,F,100.04,117.39,97.26,314.69,103.66
555348,F,91.99,84.63,93.25,269.87,91.24
555651,F,118.42,96.99,117.31,332.72,109.45
555954,M,115.12,117.39,118.76,351.27,116.5
557857,M,127.73,100.43,118.74,346.9,119.61
558657,M,96.75,108.06,117.23,322.04,102.7
558960,F,102.99,112.89,110.27,326.15,109.99
559053,F,121.42,112.89,117.13,351.44,114.88
559457,M,103.69,112.89,112.89,329.47,106.69
561242,F,115.22,126.18,122.94,364.34,132.45
561444,M,122.27,117.39,121.3,360.96,129.33
561949,M,118.42,126.18,138.23,382.83,144.86
562345,F,110.99,93.9,107,311.89,109.24
562446,F,100.64,112.89,103.01,316.54,104.17
564046,M,104.16,117.39,92.88,314.43,97.86
565452,F,105.51,93.9,113.39,312.8,106.81
566454,F,115.38,130.38,119.5,365.26,125.31
567052,M,103.54,130.38,120.05,353.97,120.89
567759,F,120.49,133.93,128.41,382.83,136.12
567961,F,114.29,100.43,111.55,326.27,104.95
568963,F,129.54,104.06,118.23,351.83,119.43
569864,F,96.51,100.43,98.3,295.24,103.66
569965,F,112.64,108.06,119.29,339.99,116.82
570243,F,108.14,117.39,109.02,334.55,119
571043,F,112.13,96.99,116.33,325.45,113.19
571144,M,126.74,137.98,133.57,398.29,144.03
571548,M,98.8,93.9,95.74,288.44,89.25
572045,F,106.78,104.06,122.46,333.3,111.5
573249,M,131.82,121.89,128.03,381.74,130.88
573451,M,131.94,108.06,122.88,362.88,131.2
574958,M,117.4,112.89,118.76,349.05,121.98
576255,F,112.21,108.06,129.83,350.1,113.75
577762,F,87.77,104.06,99.63,291.46,97.77
578057,F,110.3,93.9,100.58,304.78,106.32
578158,M,106.24,121.89,139.01,367.14,132.74
579665,F,111.54,104.06,105.85,321.45,103.49
579867,F,105.94,144.5,118.76,369.2,127.08
580044,F,107.53,108.06,116.98,332.57,112.97
580347,F,122.95,112.89,107.04,342.88,110.16
580650,F,118.28,93.9,116.8,328.98,109.83
580751,M,135.02,126.18,124.39,385.59,135.17
581349,M,109.72,126.18,124.54,360.44,124.82
581450,M,125.71,117.39,143.94,387.04,143.94
583858,M,99.73,96.99,115.75,312.47,105.13
584355,M,110.46,100.43,101.7,312.59,104.67
585256,F,94.32,88.68,101.17,284.17,93.23
585862,F,118.19,104.06,115.56,337.81,113.81
586460,F,121.42,93.9,128.41,343.73,120.89
587664,F,109.72,117.39,112.74,339.85,112.35
588565,M,121.18,108.06,103.3,332.54,112.02
589567,M,108.46,117.39,130.02,355.87,120.66
590047,M,122.08,100.43,115.77,338.28,107.45
592455,M,108.52,93.9,117.02,319.44,114.69
594156,M,142.11,96.99,119.93,359.03,
597869,M,101.93,117.39,109.59,328.91,110.22
598568,M,128.76,108.06,126.42,363.24,133.36
599065,M,116.83,108.06,138.38,363.27,130.96
599469,F,117.89,93.9,123.78,335.57,103.79
599671,M,127.95,93.9,123.4,345.25,109.41
601127,M,135.1,130.38,119.76,385.24,136.44
604537,M,125.78,117.39,121.72,364.89,128.69
609143,F,112.31,117.39,111.13,340.83,121.4
611231,F,115.5,100.43,96.37,312.3,102.02
611938,M,115.73,108.06,118.76,342.55,124.33
613235,F,104.91,130.38,109.37,344.66,125.24
613538,F,99.48,121.89,113.13,334.5,112.62
614439,F,102.92,117.39,109.85,330.16,104.91
615441,M,94.72,91.07,107.51,293.3,93.04
615744,F,115.12,108.06,114.38,337.56,128.85
616645,M,87.79,126.18,115.85,329.82,113.55
617748,F,106.95,108.06,110.82,325.83,110.33
618952,M,91.72,117.39,100.89,310,108.29
620333,F,92.38,100.43,99.49,292.3,95.28
620434,F,105.81,117.39,113.2,336.4,111.41
622236,M,115.5,104.06,114.95,334.51,112.43
623137,F,104.16,112.89,107.79,324.84,113.48
623844,M,119.7,121.89,133.93,375.52,131.8
626648,F,114.06,126.18,116.94,357.18,118.07
627549,F,106.44,96.99,129.77,333.2,110.99
627852,M,98.07,112.89,105.43,316.39,107.85
628248,M,104.54,130.38,118.13,353.05,116.97
630134,F,96.28,117.39,120.79,334.46,107.75
632037,F,102.76,112.89,121.28,336.93,117.97
632845,M,98.05,112.89,110.57,321.51,114.96
633847,F,115.12,126.18,117.58,358.88,124.21
634748,F,116.85,112.89,139.01,368.75,133.95
635245,M,103.04,121.89,111.29,336.22,
638049,F,108.4,112.89,106.54,327.83,111.47
644044,M,114.15,100.43,96.74,311.32,99.68
644246,F,94.11,117.39,103.9,315.4,99.92
645450,F,106.41,126.18,114.09,346.68,125.7
645551,F,100.04,121.89,106.48,328.41,106.32
646048,F,115.87,108.06,119.27,343.2,123.83
647858,M,110.3,100.43,112.44,323.17,122.45
650746,M,115.12,117.39,115.09,347.6,118.26
654350,F,117.28,108.06,108.82,334.16,115.24
654552,F,108.14,112.89,121.28,342.31,124.33
654754,F,117.09,100.43,126.04,343.56,118.77
656253,M,110.74,121.89,122.09,354.72,114.15
656657,M,119.39,108.06,113.15,340.6,106.78
657659,F,106.78,96.99,108.28,312.05,116.5
660951,F,105.2,121.89,99.99,327.08,107.2
662551,M,110.08,121.89,111.14,343.11,108.2
663755,F,109.62,108.06,126.65,344.33,113.61
664757,M,112.7,108.06,120.38,341.14,114.06
665254,F,120.7,117.39,127.52,365.61,126.18
667056,M,116.83,126.18,128.85,371.86,134.21
668361,M,118.28,108.06,119.62,345.96,114.56
671855,M,114.12,121.89,104.88,340.89,126.17
672756,M,118.15,121.89,129.19,369.23,114.67
673455,F,107.82,133.93,105.99,347.74,131.77
675661,M,105.85,133.93,106.64,346.42,121.02
677766,M,99.55,112.89,123.42,335.86,114.55
677968,F,109,117.39,114.06,340.45,114.33
679568,F,120.7,108.06,120.05,348.81,130.52
679770,M,112.21,96.99,109.7,318.9,112.6
680250,F,112.56,108.06,110.02,330.64,123.05
680452,F,103.64,108.06,95.56,307.26,101.46
680957,F,116.57,112.89,122.66,352.12,125.51
683256,F,119.25,93.9,127.93,341.08,114.73
685058,M,116.96,108.06,112.86,337.88,115.8
686969,M,118.12,121.89,120.11,360.12,124.63
687062,M,103.69,108.06,116.8,328.55,107.1
687163,M,104.72,126.18,118.6,349.5,124.22
688569,F,104.41,112.89,109.49,326.79,
689369,M,112.45,88.68,115.01,316.14,100.85
689470,M,109.29,100.43,108.73,318.45,104.21
690152,M,129.71,117.39,133.12,380.22,134.91
692964,M,119.16,104.06,109.19,332.41,110.65
693461,F,109.09,108.06,117.33,334.48,117.78
693764,M,103.46,117.39,119.69,340.54,105.2
694362,F,96.25,108.06,102.35,306.66,108.65
695768,M,98.48,104.06,107.06,309.6,102.95
696063,F,104.35,108.06,113.81,326.22,115.09
698168,M,117.71,104.06,122.66,344.43,110.22
700634,M,115.73,108.06,129.89,353.68,126.9
701535,F,118.51,121.89,116.37,356.77,127.47
702133,F,101.82,130.38,107.73,339.93,114.67
704238,M,108.08,108.06,114.89,331.03,112.92
705341,M,111.89,108.06,110.45,330.4,121.7
706040,F,108.46,108.06,97.21,313.73,97.41
707244,F,96.84,108.06,97.63,302.53,101.86
707749,M,116.22,100.43,98.58,315.23,111.54
709551,F,121.64,126.18,123.13,370.95,140.08
713239,F,109.47,121.89,117.07,348.43,127.39
715041,F,111.15,104.06,101.33,316.54,102.46
715647,F,120.56,126.18,125.06,371.8,133.51
715950,F,107.48,112.89,113.06,333.43,125.18
720337,M,126.01,104.06,126.59,356.66,131.18
723141,M,107.18,112.89,110.87,330.94,108.67
724446,M,122.95,121.89,125.09,369.93,132.48
725751,M,124.92,121.89,106.14,352.95,110.85
727553,F,116.22,121.89,122.23,360.34,119.3
727654,F,117.71,117.39,108.63,343.73,114.94
728454,M,112.21,108.06,125.81,346.08,123.14
729254,M,107.48,108.06,108.08,323.62,103.54
729355,M,110.3,108.06,129.54,347.9,114.72
729557,F,117.09,108.06,111.01,336.16,107.18
731140,F,130.09,121.89,119.45,371.43,131.34
732243,F,101.1,121.89,109.36,332.35,118.84
733548,F,115.12,117.39,122.99,355.5,125.61
734045,M,127.53,121.89,133.93,383.35,131.37
734247,F,98.01,121.89,96.5,316.4,102.9
735148,M,123.33,117.39,136.1,376.82,144.09
737960,F,114.8,112.89,127.95,355.64,128.61
742549,M,107.82,104.06,125.14,337.02,111.92
743248,M,121.28,112.89,125.13,359.3,126.63
744553,F,97.65,112.89,107.22,317.76,107.55
745555,F,107.87,96.99,126.11,330.97,104.89
748056,M,119.39,130.38,121.3,371.07,122.46
748258,F,119.16,112.89,143.94,375.99,126.36
748662,F,102.77,117.39,110.9,331.06,112.75
749058,M,119.7,137.98,112.52,370.2,135
749361,F,104.59,93.9,119.17,317.66,105.08
751348,M,116.72,117.39,114.13,348.24,112.74
751550,F,107.92,100.43,107.35,315.7,98.58
753150,M,112.21,117.39,130.44,360.04,125.87
753251,M,120.63,112.89,132.68,366.2,127.84
756055,M,91.5,96.99,106.51,295,101.75
757764,F,91.03,117.39,101.25,309.67,109.18
759869,M,110.78,126.18,122.46,359.42,117.36
760551,F,105.88,117.39,115.42,338.69,126.87
761957,F,122.84,112.89,116.53,352.26,126.67
763557,M,113.5,130.38,114.04,357.92,122.89
765056,M,111.68,130.38,98.61,340.67,115.14
765864,F,107.04,121.89,111.29,340.22,113.53
766563,M,106.59,108.06,102.98,317.63,104.4
767464,F,114.7,108.06,111.2,333.96,103.58
769064,M,123.33,108.06,118.71,350.1,116.01
770352,F,114.06,104.06,121.41,339.53,108.48
771354,F,119.58,130.38,128.57,378.53,138.48
773257,M,106.66,108.06,121.37,336.09,113.79
774663,M,94.89,121.89,107.93,324.71,123.59
779370,F,113.97,108.06,118.69,340.72,125.16
782157,M,107.71,93.9,103.17,304.78,99.79
782561,F,113.2,108.06,121.94,343.2,123.85
783462,M,111.75,121.89,113.81,347.45,132.41
784565,F,107.87,93.9,116.67,318.44,110.7
786569,F,110.3,108.06,116.55,334.91,109.84
788674,F,115.12,84.63,99.44,299.19,109.45
788876,F,112.31,93.9,103.95,310.16,102.22
789373,M,129.71,126.18,128.43,384.32,140.86
792564,F,113.2,112.89,116.76,342.85,112.6
792766,M,100.27,112.89,104.41,317.57,105.01
792867,M,112.45,112.89,123.99,349.33,112.2
793465,M,124.78,104.06,130.22,359.06,126.37
800941,M,125.71,112.89,128.57,367.17,133.19
802844,F,108.94,108.06,123.75,340.75,115.37
803240,M,114.12,108.06,110.55,332.73,122.73
804646,F,115.22,104.06,103.73,323.01,113.95
809252,F,126.63,108.06,136.1,370.79,125.64
810439,M,135.02,112.89,117.58,365.49,129.21
810843,M,127.66,112.89,120.2,360.75,121.18
812746,M,113.25,112.89,110.53,336.67,114.15
814548,F,99.86,121.89,100.69,322.44,105.73
814649,M,109.18,108.06,110.3,327.54,112.73
815247,M,116.57,126.18,122.94,365.69,114.92
816653,F,102.48,108.06,103.56,314.1,110.23
816855,M,103.95,108.06,104.92,316.93,97.99
818455,M,112.65,117.39,108.37,338.41,119.42
818859,M,104.95,100.43,103.45,308.83,97.27
820745,M,101.5,108.06,107.69,317.25,102.48
822244,F,101.27,91.07,101.14,293.48,94.36
822850,M,106.72,121.89,110.53,339.14,110.18
825048,F,113.97,121.89,107.9,343.76,115.33
825351,M,118.28,117.39,113.54,349.21,115.94
825553,M,111.04,126.18,112.66,349.88,121.14
825654,F,108.14,117.39,124.56,350.09,111.79
826353,F,100.06,108.06,124.33,332.45,120.76
826454,F,116.22,117.39,120.38,353.99,116.04
827052,F,114.61,112.89,128.43,355.93,126.85
828862,F,104.13,108.06,110.66,322.85,118.83
832651,M,115.57,112.89,107,335.46,110.8
833148,M,112.38,112.89,114.71,339.98,109.19
833249,F,118.12,108.06,111.45,337.63,114.91
835657,F,104.82,96.99,107.62,309.43,101.89
837560,M,122.95,96.99,115.48,335.42,106.56
837863,M,102.45,96.99,104.63,304.07,103.76
837964,F,115.57,126.18,112.37,354.12,117.73
841349,F,98.37,121.89,109.65,329.91,108.48
843151,M,102.37,112.89,102.73,317.99,106.76
844961,F,100.88,100.43,106.99,308.3,100.85
845458,F,109.37,117.39,110.59,337.35,110.2
849264,F,94.69,96.99,107.45,299.13,97.59
849971,M,111.15,100.43,100.12,311.7,100.87
852455,F,120.9,126.18,125.08,372.16,128.63
856463,F,104.78,117.39,104.34,326.51,102.28
856766,F,112.38,108.06,118.72,339.16,112.27
856968,M,115.73,144.5,119.16,379.39,138.88
857263,M,92.73,93.9,118,304.63,96.34
859671,F,93.16,130.38,99.16,322.7,105.65
861456,F,120.36,100.43,106.99,327.78,109.67
865363,M,117.18,108.06,128.45,353.69,114.66
867468,M,109.37,108.06,109.44,326.87,111.53
869472,F,119.58,144.5,115.91,379.99,133.7
870861,M,108.4,121.89,118.71,349,118.36
871762,M,104.82,130.38,111.55,346.75,116.05
871964,M,105.15,117.39,119.07,341.61,107.28
872158,F,123.22,121.89,125.55,370.66,124.71
872562,F,102.64,108.06,131.62,342.32,106.21
872764,F,111.68,100.43,111.57,323.68,
873968,F,126.63,112.89,124.56,364.08,124.23
876873,F,105.81,91.07,98.22,295.1,100.55
877168,F,114.23,126.18,101.38,341.79,111.69
877269,F,105.81,93.9,114.42,314.13,102.01
878574,F,102.64,112.89,100.03,315.56,110.01
878776,M,118.28,121.89,116.34,356.51,135.89
878877,M,111.54,84.63,105.83,302,100.96
880157,M,112.09,121.89,122.15,356.13,125.67
882161,F,119.7,121.89,107.04,348.63,113.48
884064,F,106.66,100.43,108.09,315.18,104.22
884973,F,92.32,93.9,107.52,293.74,92.6
885975,F,107.24,80.79,127.03,315.06,108.63
886674,M,136.02,100.43,120.88,357.33,115.13
887373,F,117.28,112.89,128.45,358.62,124.88
888678,M,97.88,117.39,116.23,331.5,122.44
889579,M,119.39,108.06,110.71,338.16,113.36
891667,M,94.96,96.99,107.8,299.75,97.59
894067,M,117.18,121.89,130.49,369.56,125.67
894673,F,106.37,126.18,118.77,351.32,114.43
894774,M,109.9,117.39,131.62,358.91,128.9
896778,F,111.89,126.18,108.63,346.7,123.84
896879,M,122.4,112.89,107.34,342.63,116.34
898176,M,134.18,108.06,118.59,360.83,127.86
899885,F,113.75,117.39,130.44,361.58,119.47
901038,M,115.12,108.06,143.94,367.12,123.99
901139,F,113.5,126.18,122.87,362.55,127.35
901442,F,118.42,108.06,108.13,334.61,114.99
902242,F,107.98,108.06,117.96,334,116.78
904044,F,111.24,96.99,111.43,319.66,110.43
905147,F,107.48,108.06,114.09,329.63,118.59
907656,F,114.97,117.39,130.15,362.51,130.9
908860,M,114.97,144.5,115.29,374.76,123.37
910241,M,92.08,117.39,104.63,314.1,101.98
910443,F,121.83,117.39,138.82,378.04,136.89
911849,F,116.34,112.89,93.43,322.66,110.17
912447,M,108.25,93.9,112.37,314.52,101.05
912548,F,115.57,104.06,114.3,333.93,112.69
915554,M,110.68,133.93,125.09,369.7,134.38
917255,M,119.97,117.39,122.35,359.71,118.71
917558,F,97.68,126.18,113.58,337.44,115.61
919158,F,115.22,133.93,111.94,361.09,135.99
919966,F,108.25,96.99,100.23,305.47,111.03
922854,M,122.08,104.06,125.47,351.61,121.39
923755,F,116.43,117.39,118.69,352.51,115.71
926862,M,125.71,126.18,108.91,360.8,106.41
927359,M,107.28,126.18,122.83,356.29,126.66
929464,F,115.04,108.06,104.11,327.21,105.83
930449,F,110.63,96.99,117.82,325.44,109.26
932554,M,108.31,117.39,108.73,334.43,113.37
933253,F,120.07,121.89,138.87,380.83,138.16
937160,M,142.11,96.99,116.67,355.77,115.69
940553,M,98.01,93.9,92.24,284.15,84.59
942658,M,135.02,126.18,143.94,405.14,144.58
943862,M,119.39,104.06,123.42,346.87,124.93
946666,M,116.22,117.39,114.78,348.39,113.48
947668,F,108.82,117.39,106.84,333.05,114.46
951457,F,114.2,91.07,128.44,333.71,116.74
952863,F,99.32,121.89,119.16,340.37,119.86
953764,F,122.76,100.43,124.95,348.14,125.24
955465,M,120.07,100.43,124.87,345.37,118.59
957974,F,108.14,100.43,124.2,332.77,114.07
958976,M,107.92,108.06,103.29,319.27,101.98
959069,M,101.41,121.89,125.51,348.81,113.18
959574,F,100.12,93.9,104.85,298.87,104.06
962058,M,116.01,96.99,116.67,329.67,112.35
965367,M,97.48,100.43,119.17,317.08,115.03
965771,M,106,96.99,100.79,303.78,104.8
966975,M,107.12,108.06,113.18,328.36,114.07
969476,M,106.32,112.89,109.27,328.48,120.01
970764,F,119.39,117.39,117.31,354.09,129.91
971160,M,123.33,108.06,118.71,350.1,125.67
972566,F,116.01,117.39,128.62,362.02,135.12
973770,M,111.24,93.9,100.72,305.86,99.38
978578,F,112.13,100.43,94.9,307.46,109.4
979984,F,103.78,112.89,101.21,317.88,102.22
983773,M,124.4,117.39,122.83,364.62,122.46
984472,F,125.71,93.9,122.17,341.78,125.66
987074,M,124.78,104.06,117.45,346.29,133.16
987983,F,119.16,112.89,115.28,347.33,113.47
989987,M,114.12,117.39,117.59,349.1,121.97
990366,M,112.21,104.06,122.18,338.45,124.93
991267,M,126.53,121.89,136.1,384.52,129.94
992673,F,94.87,100.43,94.96,290.26,94.73
992774,M,124.64,96.99,126.37,348,111.07
993675,F,116.43,121.89,120.35,358.67,119.3
994273,M,123.22,108.06,112.17,343.45,100.46
995174,M,99.48,108.06,123.4,330.94,111.34
996782,F,102.43,108.06,117.78,328.27,104.16
