Subject,CogTotalComp_Unadj,CogTotalComp_AgeAdj,CogFluidComp_Unadj,CogFluidComp_AgeAdj,CogCrystalComp_Unadj,CogCrystalComp_AgeAdj
100004,107.85,91.75,105.74,87.73,110.74,100.46
100206,137.66,133.76,134.34,130.07,117.33,113.89
100307,116.73,106.85,118.16,107.88,109.38,97.42
100408,137.53,133.96,116.64,113.77,134.34,134.57
100610,153.36,153.36,124.23,115.63,144.96,149.19
101006,94.39,72.15,91.44,72.02,104.51,82.93
101107,126.37,120.13,117.37,106.57,120.73,118.74
101208,98.74,78.53,98.67,83.46,105.26,83.75
101309,112.6,100.32,107.14,90.01,115.59,110.72
101410,114.91,105.44,112.21,106.16,113.32,100.14
101612,108.43,94.21,113.8,109.05,103.5,80.94
101915,113.58,103.22,101.27,87.99,122.72,117.73
102008,135.31,131.66,121.39,112.08,127.84,129.31
102109,118.46,109.51,109.52,93.65,119.86,117.69
102311,113.37,101.53,109.45,93.44,114.22,107.45
102513,107.41,92.5,91.92,72.82,124.14,120.41
102614,137.81,134.26,142.47,139.94,109.88,98.7
102715,127.39,122.45,115.9,104.28,124.12,124.02
102816,103.85,86.38,110.62,102.9,100.2,75.59
103010,107.7,91.51,105.67,87.61,110.66,100.28
103111,120.2,113.45,109.13,100.56,122.41,117.11
103212,120.74,114.23,105.1,94.11,127.06,124.11
103414,105.82,88.44,103.52,84.22,110.27,99.49
103515,93.91,69.84,99.21,77.63,95.79,71.99
103818,121.59,115.58,106.19,95.9,127.07,124.18
104012,100.07,79.29,100.72,79.7,105.19,87.94
104113,104.26,85.99,106.9,89.44,104.56,87.18
104416,144.26,143.78,130.75,131.74,127.85,125.37
104820,104.17,86.97,109.61,101.58,101.67,77.78
105014,117.16,107.29,104.13,85.35,123.81,123.5
105115,122.54,116.5,112.18,105.98,121.84,116.28
105216,153.36,153.36,144.52,141.25,127.32,127.97
105620,144.37,143.87,134.77,136.5,123.98,120.16
105923,118.07,110.18,105.39,94.52,123.51,119.01
106016,119.38,112.08,113.59,108.46,117,107.77
106218,97.23,75.75,96.19,79.38,104.73,83.15
106319,134.67,131.22,117.72,107.24,131.06,132.49
106521,153.36,153.36,135.39,131.41,133.52,134.58
106824,139.38,135.54,130.82,124.28,122.72,121.7
107018,117.5,107.92,105.61,87.55,122.72,121.64
107119,117.54,109.57,101.77,89.12,126.6,122.96
107220,117.49,107.8,104.55,85.97,123.73,123.36
107321,153.36,153.36,136.46,133.33,127.49,128.4
107422,153.36,153.36,132.35,126.89,135.27,139.39
107523,87.39,57.88,85.16,57.28,97.13,74.37
107725,105.35,88.74,109.56,101.54,103.39,80.79
108020,120.75,112.78,118.6,108.5,113.59,106.25
108121,127.48,122.49,124.18,115.5,115.93,111.32
108222,146.42,146.49,132.86,134.37,127.24,124.34
108323,128.98,124.12,127.61,119.88,113.81,106.66
108525,95.09,72.18,92.29,67.64,104.87,87.61
108828,109.78,96.69,98.83,83.74,120.2,113.24
109123,151.97,153.36,136.07,138.61,126.74,123.43
109325,113.5,103.1,115.43,112.13,108.42,89.24
109830,115.86,104.97,98.6,76.61,127.71,128.72
110007,114.1,104.22,113.46,108.12,111.21,95.69
110411,137.55,134.04,123.85,122.5,127.24,124.37
110613,118.24,109.09,106.13,88.25,122.89,122.21
111009,,,,,,
111211,128.65,123.48,117.76,107.41,123.25,122.72
111312,112.25,101.2,120.33,118.47,102.01,78.3
111413,123.8,117.02,120.67,110.99,114.74,108.65
111514,,,,,,
111716,120.16,113.39,103.92,92.62,127.54,124.93
112112,121.31,113.93,110.01,94.23,122.98,122.33
112314,117.61,109.66,109.73,101.73,118.69,110.66
112516,109.04,95.5,106.95,97.49,111.25,95.85
112819,117.94,108.55,105.95,88.04,122.76,121.99
112920,126.9,122.8,117.75,115.57,121.57,115.82
113215,150.02,146.88,135.74,132.08,125.89,125.77
113316,117.48,107.75,111.03,95.84,117.21,113.65
113417,119.89,112.94,114.15,109.52,117.1,108.06
113619,123.83,118.51,108.75,100.19,126.71,123.11
113821,118.24,109.11,110.74,95.3,118.3,115.11
113922,129.36,125.45,132.68,134.06,109.3,91.33
114116,111.3,99.21,107.14,97.8,113.78,100.99
114217,142.14,141.91,127.6,128.13,129.49,127.38
114318,127.34,122.26,122.7,113.23,117.22,113.67
114419,123.56,118.24,116.06,113.1,119.09,111.34
114621,113.46,101.67,106.8,89.35,116.97,112.92
114823,153.36,153.36,133.15,134.48,134.12,133.1
114924,97.95,76.08,104.76,86.17,97.55,75.08
115017,112.97,102.13,106.09,95.82,116.98,107.64
115219,136.58,133.55,121.84,119.95,128.58,126.58
115320,105.21,88.56,105.52,94.78,107.27,87.1
115724,114.21,102.85,122.8,113.45,101.95,82.77
115825,93.07,68.82,98.46,76.5,95.14,70.59
116120,97.24,75.78,98.6,83.34,102.38,78.98
116221,120.24,112.03,115.11,102.79,116.53,112.16
116322,92.3,68.03,94.48,76.84,97.45,70.62
116423,107.71,91.55,114.55,101.73,101.82,82.43
116524,97.68,75.57,104.39,85.74,97.44,74.77
116726,144.59,143.4,135.09,131.22,123.98,123.89
117021,133.66,130.46,118.8,116.82,127.72,125.18
117122,134.49,131.87,126.61,127.07,121.87,116.33
117324,97.45,76.33,95.02,77.63,106.36,85.67
117728,121.12,113.58,117.2,106.29,115.5,110.47
117930,116.78,108.49,101.3,88.12,126.28,122.75
118023,113.8,102.25,113.19,99.19,111.04,101.19
118124,102.75,84.66,103.87,92.55,105.57,84.34
118225,136.28,132.22,123.88,115.22,126.22,126.2
118528,120.47,112.46,117.56,106.92,114.32,107.59
118730,112,99.08,111.5,96.74,110.41,99.71
118831,139.25,135.38,119.16,109.26,134.19,137.29
118932,119.05,110.42,113.22,99.3,117.06,113.38
119025,132.34,127.91,114.98,102.59,130.01,131.98
119126,116.25,105.89,118.6,108.5,108.25,94.54
119732,109.01,95.4,95.64,78.61,122.48,117.14
119833,114.09,102.68,116.87,105.97,107.76,93.51
120010,153.36,153.36,136.44,133.29,134.92,139.1
120111,116.88,107.01,106.18,88.41,121.5,119.68
120212,133.61,130.39,119.77,117.91,126.7,123.06
120414,100.87,80.31,93.96,69.33,113,104.91
120515,106.12,88.94,105.35,87.13,108.81,95.96
120717,140.34,138.26,128.11,128.67,126.77,123.49
120818,115.16,104.39,119.57,109.82,106.29,90.39
121315,90.97,64.38,97.65,75.25,91.84,65.44
121416,107.48,91.2,97.07,74.66,119.03,116.24
121618,119.38,112.11,104.29,93.24,126.32,122.8
121719,108.73,95.08,108.2,99.09,109.68,92.21
121820,126.92,122.97,114.47,110.21,124.92,121.13
121921,113.72,103.44,100.17,86.02,123.96,119.97
122317,107.81,92.99,108.63,99.89,107.82,87.97
122418,139.05,135.15,131.34,125.37,121.87,120.5
122519,109.29,95.96,97.75,81.88,120.78,114.36
122620,113.67,102.05,106.27,88.59,117.78,114.46
122822,110.98,98.76,104.6,93.51,115.99,105.68
123117,107.73,91.6,107.13,89.98,109.28,97.19
123420,119.35,110.85,121.75,112.47,108.82,95.98
123521,120.5,112.48,109.38,93.3,122.56,121.15
123723,100.65,81.23,102.55,90.32,104.08,81.78
123824,92.09,65.53,97.47,75.17,94.01,68.87
123925,138.08,134.47,138.52,136.39,114.09,107.26
124220,110.1,97.32,112.27,106.24,107.2,86.89
124321,104.71,86.68,98.26,76.23,113.87,106.78
124422,98.64,78.37,103.63,92.17,100.07,75.34
124624,135.54,131.9,133.93,129.5,115.65,110.92
124826,126.05,120.91,111.5,104.53,126.28,122.76
125222,134.09,130.29,118.29,108.14,128.85,131.21
125424,112.87,102.05,103.14,91.55,119.85,112.55
125525,96.96,75.23,95.71,78.67,104.71,83.12
126325,131.94,127.63,123.8,114.77,121.01,119.12
126426,116.64,108.18,123.17,121.77,104.22,82.03
126628,96.56,74.96,94.06,76.16,105.8,84.68
126931,117.49,109.44,113.45,108.1,114.83,103.25
127226,104.18,85.81,99.26,77.68,112.1,103.09
127327,134.24,130.5,123.96,115.4,123.7,123.29
127630,153.36,153.36,144.59,141.29,120.87,119.01
127731,105.58,89.23,106.06,95.75,107.28,87.14
127832,118.06,110.16,108.43,99.48,120.45,113.94
127933,134.16,130.91,120.66,118.88,126.72,123.31
128026,117.46,109.4,109.23,100.77,118.98,111.17
128127,131.22,126.55,122.73,113.29,121.35,119.39
128329,118.78,111.44,110.23,102.39,119.72,112.38
128632,108.15,93.62,105.9,95.56,110.97,95.19
128935,140.48,138.4,116.09,113.11,138.99,139.35
129028,124.42,119.03,112.2,106.07,123.88,119.68
129129,121.34,115.21,112.58,106.8,120.43,113.94
129331,153.36,153.36,131.25,132.4,134.1,132.96
129432,136.4,132.27,126.87,119.35,123.34,122.75
129533,129.24,125.22,122.47,120.61,119.26,111.65
129634,105.33,87.52,104.22,85.5,108.68,95.74
129937,102.9,85.01,100.02,85.79,109.71,92.3
130013,118.63,110.02,109.91,94.11,119.85,117.6
130114,146.04,144.08,129.97,122.41,130.03,131.99
130316,136.36,132.25,117.67,107.16,132.5,133.41
130417,123.54,116.53,106.08,88.17,129.04,131.25
130518,116.57,107.98,111.09,103.76,116.2,105.94
130619,153.36,153.36,138.64,141.43,134.26,134.26
130720,121.89,115.89,113.31,107.99,120.19,113.23
130821,107.05,90.52,115.34,103.34,100.13,79.33
130922,147.36,146.7,130.39,131.24,129.96,128.06
131217,128.61,124.5,121.83,119.93,119.13,111.44
131419,127.87,122.97,113.81,100.48,126.65,126.57
131621,133.61,129.66,121.39,112.07,125.09,124.94
131722,137.42,133.9,117.16,114.48,133.72,132.42
131823,139.28,135.4,121.96,112.61,131.41,132.83
131924,143.21,139.87,130.01,122.44,127.69,128.67
132017,134.82,131.28,123.44,114.38,125.46,125.46
132118,112.66,100.39,100.07,78.7,122.72,121.62
132320,101.82,82,112.95,99.08,95.46,71.27
133019,109.29,94.44,105.6,87.54,112.92,104.82
133221,124.59,118.46,111.37,96.56,125.06,124.93
133625,127.31,123.38,119.22,117.17,120.59,114.2
133726,119.1,111.76,107.35,98,122.96,118.06
133827,105.83,88.49,99.58,78.17,114.23,107.49
133928,112.22,99.65,113.48,99.68,108.82,95.99
134021,97.96,77.06,101.88,89.24,100.47,76.02
134223,135.94,132.89,125.24,124.28,124.7,120.97
134324,104.52,87.51,94.6,76.95,117.22,108.3
134425,124.6,118.47,111.92,97.46,124.52,124.52
134627,150.23,146.98,138.23,136.25,123.53,123.04
134728,113.93,103.77,111.24,104.04,113.12,99.65
134829,103.63,86.16,105.72,95.04,104.87,83.39
135124,114.06,104.1,110.23,102.4,114.32,101.94
135225,130.24,125.37,129.91,122.34,113.05,105.18
135427,97.88,75.86,92.53,67.76,109.64,97.98
135528,116.22,105.8,127.07,119.61,99.73,78.61
135629,117.49,107.79,112.75,98.82,115.52,110.52
135730,120.83,112.95,121.36,112.03,110.97,101
135932,129.53,125.82,126.59,126.82,115.65,105.17
136126,122.31,114.99,118.25,108.06,115.59,110.72
136227,108.74,95.1,101.09,87.78,116.8,107.23
136328,134.23,130.49,113.9,100.67,133.75,135.96
136530,130.98,127.58,113.8,109.05,129.89,127.8
136631,103.79,84.88,106.34,88.7,104.37,86.75
136732,113.32,102.73,115.22,111.82,108.37,89.17
136833,124.52,119.28,109.55,101.51,126.7,123.08
137027,117.48,109.43,117.62,115.28,110.63,94.28
137128,129.59,125.86,122.43,120.46,119.85,112.56
137229,126.59,120.79,112.82,98.95,125.84,125.76
137431,129.22,125.22,115.3,111.88,126.41,122.83
137532,98.31,77.58,99.1,84.26,103.98,81.64
137633,114.04,102.56,110.98,95.8,113.53,106.18
137936,94.28,72.05,92.39,73.77,103.4,80.86
138130,126.6,122.14,110.69,103.03,128.01,125.56
138231,106.96,91.62,108.21,99.1,107.14,86.75
138332,125.92,119.68,118.23,108.01,119.38,116.71
138534,114.41,103.17,117.27,106.42,107.76,93.5
138837,94.6,71.46,95.95,72.81,100.41,79.81
139233,123.91,118.65,119.03,116.99,116.56,106.6
139435,112.12,99.47,104.64,86.06,117.52,114.11
139637,125.84,120.76,122.82,121.35,114.71,102.83
139839,149.59,146.66,132.85,128.24,128.52,130.61
140117,100.58,79.83,98.66,76.69,107.88,93.76
140319,,,,,119.82,112.49
140420,101.6,81.66,104.69,86.11,103.32,85.12
140723,107.17,92.13,106.24,96.09,109.47,91.78
140824,128.25,124.27,113.69,108.79,126.94,123.74
140925,88.95,60.04,94.22,69.9,90.95,63.91
141119,144.68,143.49,130.54,123.43,128.67,130.83
141422,134.15,130.88,122.22,120.31,125.13,121.38
141624,91.63,65.21,98.87,77.09,91.71,65.21
141826,92.91,68.13,100.16,78.8,92.95,67.55
142424,84.55,55.62,84.48,62.15,93.1,63.81
142828,134.53,132.03,125.66,125.16,122.94,118.04
143224,142.45,139.27,130.49,123.15,127.04,127.39
143325,113.83,103.63,104.04,92.81,120.23,113.5
143426,109.65,96.43,105.54,94.8,113.37,100.25
143527,111.26,97.71,101.15,80.29,119.71,117.32
143830,108.54,92.98,110.79,95.42,106.72,91.11
144125,94.68,72.44,92.24,73.52,104.21,82.01
144226,96.18,74.62,100.99,87.61,98.17,72.07
144428,118.82,110.22,116.45,105.36,113.58,106.24
144731,145.3,146.14,123.07,121.57,136.61,137.07
144832,117.94,108.55,113.88,100.61,114.83,108.96
144933,115.09,104.27,106.27,88.6,119.49,116.95
145127,114.06,102.61,104.77,86.2,119.79,117.44
145531,103.96,86.66,97.16,80.93,113.89,101.29
145632,135.64,131.99,123.1,114.02,126.54,126.48
145834,126.38,120.17,113.61,100.14,124.56,124.54
146129,143.88,141.83,141.29,138.8,116.83,112.55
146331,97.84,75.78,101.6,81.09,100.45,79.92
146432,118.71,111.32,108.46,99.5,121.41,115.53
146533,118.95,110.37,107.07,89.88,123.1,122.49
146634,,,,,,
146735,101.99,83.79,103.25,91.68,105.49,84.18
146836,109.6,94.78,107.16,90.07,111.63,102.38
146937,126.39,121.63,115.69,112.51,122.59,117.3
147030,120.2,111.94,109.18,93.1,122.36,120.9
147636,116.18,105.54,110.48,94.86,116.19,111.63
147737,124.62,119.6,116.06,113.1,120.44,113.94
148032,133.41,130.3,120.6,118.71,125.52,122.23
148133,137.76,134.05,120.43,110.66,131.74,133.01
148234,146.38,144.67,126.27,117.94,133.82,136.13
148335,122.98,117.08,104.47,93.41,129.95,128.04
148436,100.94,81.8,97.69,81.85,109.42,91.59
148840,125.42,119.1,123.11,114.05,114.09,107.21
148941,113.77,102.2,106.42,88.8,117.77,114.42
149236,153.36,153.36,145.08,141.98,138.87,142.66
149337,122.26,116.24,115.23,111.84,118.55,110.37
149539,153.36,153.36,136.77,133.69,133.59,134.73
149741,107.64,91.42,109.14,93.04,107.12,91.83
149842,124.61,119.55,117.63,115.37,118.84,110.92
150019,107.11,90.7,105.46,87.34,110.15,99.22
150423,128.12,124.25,118,115.88,122.56,117.21
150524,112.63,100.32,108.35,91.88,114.39,107.79
150625,112,99.12,106.26,88.58,115.66,110.93
150726,140.14,136.86,130.43,123,124.18,124.09
150928,124.38,117.73,117.13,106.24,118.81,115.87
151021,111.96,100.58,114.13,109.49,107.75,87.75
151223,102.01,82.51,103.39,84.02,105.37,88.34
151324,126.07,119.86,130.08,122.55,107.71,93.44
151425,134.18,130.35,126.59,118.72,120.87,119.01
151526,121.52,114.09,114.43,101.58,118.69,115.83
151627,131.33,128.19,121.16,119.55,123.09,118.1
151728,130.12,126.39,115.77,112.66,127.03,124
151829,131.03,127.61,126.73,127.17,116.98,107.65
151930,140.9,139.02,126.28,126.27,129.45,127.32
152225,153.36,153.36,136.13,138.68,142.9,144.04
152427,144.36,143.86,131.91,133.04,126.83,123.57
152831,124.07,118.74,101.49,88.55,134.24,134.15
152932,115.53,104.57,113.53,99.9,112.5,103.91
153025,119.33,110.75,119.21,109.33,111.33,101.8
153126,113.84,102.33,113.62,100.15,110.66,100.27
153227,105.63,89.32,104.9,93.87,108.53,89.63
153429,137.86,135.48,125.01,123.73,127.39,124.62
153631,112.51,100.19,102.8,83.22,119.83,117.5
153732,101.22,80.93,105.55,87.44,101.91,82.64
153833,114.58,103.44,118.59,108.49,106.61,90.93
153934,151.86,153.36,140.92,143.21,121.82,116.27
154229,119.3,110.64,111.36,96.49,119.11,116.34
154330,139.41,136.88,126.62,127.08,126.98,123.9
154431,118.47,109.59,118.87,108.88,110.58,100.12
154532,103.79,84.86,106.07,88.17,104.63,87.25
154734,129.51,125.73,115.49,112.23,126.71,123.2
154835,112.46,101.44,111.57,104.83,110.96,95.15
154936,101.59,81.63,104.9,86.39,103.08,84.8
155231,127.08,123.16,112.27,106.26,127.38,124.61
155635,131.71,126.91,126.95,119.45,117.56,114.17
155938,126.61,120.88,113.69,100.26,125.05,124.93
156031,129.2,125.21,125.16,124.1,116.52,106.53
156233,,,135.81,132.1,,
156334,121.12,113.58,124.91,116.19,107.79,93.6
156435,143.37,140.7,138.95,136.94,118.85,116.07
156536,153.36,153.36,140.22,137.71,138.37,141.69
156637,112.58,101.66,92.93,74.47,129.76,127.71
157235,126.79,122.44,126.35,126.41,112.58,98.55
157336,139.39,136.87,110.22,102.37,143.34,144.62
157437,112.51,101.55,115.36,112.07,107.26,87.03
157942,114.1,104.22,113.12,107.66,111.54,96.39
158035,118.46,110.65,114.15,109.5,115.27,103.91
158136,110.06,97.27,101.93,89.35,117.52,108.97
158338,151.89,148.49,117.38,106.6,145.38,150.65
158540,126.94,122.99,113.21,107.82,126.23,122.73
158843,118.27,109.17,112.8,98.9,116.32,111.83
159138,116.89,108.61,108.2,99.09,119.49,111.98
159239,126.21,121.04,119.08,116.99,118.8,110.75
159340,112.03,99.21,100.69,79.67,121.31,119.3
159441,117.54,108,98.71,76.84,129.66,131.65
159744,135.21,132.22,133.41,134.89,115.61,105.04
159845,107.4,92.5,103.17,91.62,112.88,99.15
159946,140.35,136.96,135.05,131.2,119.84,117.56
160123,115.93,106.77,119.21,117.14,107.21,86.92
160729,123.71,116.89,123.43,114.35,111.88,102.86
160830,115.92,105.1,104.77,86.2,121.61,120.01
160931,124.56,119.42,118.63,116.59,117.77,109.22
161327,107.87,93.1,119.29,117.26,97.21,70.16
161630,133.89,129.75,124.46,115.78,122.23,120.74
161731,121.24,115.1,109.33,100.89,123.57,119.17
161832,109.8,95.24,101.75,81.39,117.32,113.85
162026,119.86,112.83,112.26,106.23,118.93,111.14
162228,116.81,106.95,111.53,96.84,116.09,111.46
162329,96.56,74.27,101.16,80.31,98.71,76.98
162733,121.56,114.18,106.18,88.41,127.01,127.32
162834,123.22,116.24,111.17,96.14,123.68,123.24
162935,118.53,109.82,109.27,93.24,120.33,118.12
163129,123.33,116.33,117.72,107.26,117.22,113.67
163331,120.13,113.32,110.1,102.25,121.31,115.23
163432,123.17,117.67,115.04,111.42,119.75,112.44
163836,96.19,74.63,90.13,69.76,109.05,90.75
164030,125.82,120.75,120.87,119.28,116.64,106.9
164131,147.67,145.78,126.94,119.43,133.54,134.6
164636,119.48,111.04,119.38,109.6,111.35,101.87
164939,107.1,90.63,110.14,94.42,105.4,88.42
165032,116.63,106.66,127.32,119.73,100.06,79.11
165234,,,,,,
165436,127.99,122.99,110.88,95.59,129.62,131.59
165638,142.35,139.23,123.09,113.86,134.3,137.8
165840,103.63,86.17,95.04,77.64,115.57,104.9
165941,131.17,126.46,135.49,131.46,108.45,95.03
166438,125.88,120.77,112.93,107.48,124.62,120.81
166640,100.04,79.27,86.68,59.87,119.21,116.5
167036,116.51,107.81,114.18,109.57,113.03,99.53
167238,117.49,109.48,113.95,109.33,114.35,102.06
167440,114.11,104.28,106.75,96.88,117.94,109.68
167743,112.38,99.88,106.21,88.47,116.24,111.71
168038,107.89,91.81,110.36,94.72,106.16,90.14
168139,111.92,98.95,106.22,88.52,115.63,110.86
168240,118.55,109.88,112.36,98.16,117.31,113.83
168341,119.2,111.84,102.15,89.54,128.24,125.66
168745,113.19,101.2,112.12,97.82,111.29,101.68
168947,118.07,108.83,113.8,100.46,115.1,109.51
169040,110.74,96.87,111.13,96.01,109.11,96.85
169141,121.1,113.56,121.83,112.51,110.85,100.72
169343,91.03,65.25,94.81,77.28,94.81,67.11
169444,116.15,107.02,99.93,85.66,126.7,123.05
169545,147.43,145.5,142.88,140.29,117.49,114.07
169747,119.66,112.63,107.39,98.04,123.6,119.2
169949,130.5,125.53,129.45,121.66,113.66,106.44
170631,116.69,108.33,107.94,98.78,119.52,112.11
170934,111.91,98.93,112.08,97.77,109.73,98.36
171128,103.42,85.65,99.79,85.5,110.44,93.99
171330,112.46,100.02,109.47,93.53,113.06,105.2
171431,103.32,85.57,108.43,99.48,101.73,77.82
171532,119.05,111.76,108,98.91,122.28,116.91
171633,110.68,96.61,111.51,96.79,108.56,95.43
171734,114.38,103.14,103.95,84.98,121.04,119.17
172029,107.7,91.51,103.78,84.61,112.55,103.92
172130,113.37,101.56,113.18,99.16,110.52,99.99
172332,96.12,74.45,97.61,81.6,101.42,77.39
172433,118.58,109.95,120.01,110.33,109.68,98.09
172534,122.16,114.78,120.83,111.4,112.89,104.76
172635,120.94,114.65,108.54,99.72,123.99,120.18
172938,97.81,76.75,101.81,89.15,100.2,75.61
173132,123.97,118.69,114.04,109.37,121.6,115.84
173233,110.9,98.64,105.74,95.14,114.7,102.83
173334,144.8,143.59,117.35,106.48,142.03,146.83
173435,127.91,124.23,114.98,111.34,125.51,122.2
173536,141.04,139.12,135.6,137.87,120.42,113.94
173637,132.58,128.28,132.42,127.14,112.98,104.9
173738,140.69,138.79,121.15,119.49,134.26,134.31
173839,105.91,88.68,108.47,91.94,105.49,88.68
173940,125.11,118.91,113.6,100.11,123.37,122.86
174437,101.55,82.74,102.58,90.53,105.33,83.93
174841,115.97,105.26,103.51,84.2,122.96,122.29
175035,91.16,64.64,94.23,69.92,95.67,71.69
175136,118.24,109.09,118.36,108.18,110.66,100.27
175237,150.76,149.35,141.13,143.38,120.95,114.75
175338,113.83,102.29,108.64,92.3,115.62,110.81
175439,105.68,89.44,111.43,104.42,102.05,78.38
175540,133.98,130.63,111.74,105.25,135.11,135.56
175742,131.19,127.96,130.76,131.84,113.26,100.1
175944,113.77,102.18,101.23,80.44,122.93,122.26
176037,137.73,135.04,137.28,140.82,114.73,102.85
176239,122.5,116.47,114.31,109.79,119.69,112.31
176441,120.78,112.86,106.34,88.71,125.94,125.79
176542,114.08,102.66,111.56,96.87,113.06,105.21
176744,134.11,130.71,123.85,122.45,123.36,118.73
176845,114.64,103.54,116.28,105.07,109,96.44
177140,126.35,121.17,118.26,116.2,119.7,112.34
177241,118.47,109.66,119.84,110.18,109.65,98.08
177342,107.93,91.89,107.88,91.16,108.71,95.82
177645,124.59,118.46,115.87,104.24,120.56,118.45
177746,118.63,111.16,103.83,92.48,125.93,122.48
178142,145.37,143.8,124.47,115.78,135.24,139.34
178243,111.06,97.51,116.95,106.04,103.69,85.64
178647,102.11,83.94,98.54,83.28,110.3,93.67
178748,102.74,84.65,96.06,79.09,113.37,100.27
178849,123.13,116.06,118.26,108.09,116.45,111.98
178950,134.12,130.71,127.22,127.9,120.02,112.9
179043,106.83,90.12,120.79,111.29,94.34,69.42
179245,100.79,81.55,101.37,88.29,105.48,84.12
179346,132.07,127.75,126.94,119.43,117.97,114.85
179548,104.16,85.59,113.65,100.22,97.62,75.33
179952,102.45,82.9,106.92,89.6,102.16,83.03
180129,99.47,78.49,102.48,82.64,102.45,83.54
180230,138.68,134.67,127.06,119.61,125.94,125.79
180432,153.36,153.36,138.88,142.08,126.98,123.91
180533,120.2,113.51,117.14,114.46,114.43,102.38
180735,116.19,107.14,106.12,95.84,120.62,114.26
180836,101.08,81.87,90.71,70.63,116.52,106.51
180937,134.12,130.72,112.91,107.37,134.34,134.58
181131,107.05,91.81,119.42,117.5,96.04,68.57
181232,132.49,128.05,126.36,118.33,118.8,115.85
181636,95.54,73.73,95.28,78.03,102.77,79.7
182032,124.51,119.19,120.6,118.71,115.62,105.06
182436,99.81,79.79,96.58,79.85,108.81,90.2
182739,100.66,81.23,94.78,77.26,111.86,97.21
182840,126.39,121.61,115.36,112.07,122.9,117.97
183034,134.37,131.63,119.58,117.6,128.51,126.37
183337,94.71,72.54,95.37,78.11,101.18,77.08
183741,128.06,124.24,108.12,99.03,132.41,130.55
184642,108,93.24,106.48,96.57,110.18,93.54
185038,116.84,108.56,114.71,110.65,112.95,99.27
185139,130.62,126.9,130.19,131.21,113.24,100.09
185341,112.03,99.22,113.53,99.92,108.48,95.17
185442,145.15,143.74,127.93,120.03,131.68,132.95
185846,103.56,84.64,99.21,77.59,111.28,101.66
185947,125.9,120.78,117.57,115.22,120,112.85
186040,153.36,153.36,141.24,138.73,144.43,147.86
186141,94,71.46,95.71,78.67,99.57,74.61
186242,107.24,91.02,109.16,93.05,106.67,91.06
186444,127.01,122,122.85,113.57,116.77,112.48
186545,108.72,95.04,108.54,99.73,109.32,91.36
186848,98.33,76.8,95.79,72.52,107.33,92.73
186949,104.31,86.06,103.17,83.7,108.35,94.74
187143,114.68,103.61,99.38,77.95,125.95,125.8
187345,153.36,153.36,142.3,145.79,129.05,127.04
187547,133.34,130.28,127.07,127.72,118.93,111.13
187850,113.24,102.61,119.3,117.28,104.19,81.96
188145,134.28,131.27,122.45,120.56,125.37,121.98
188246,109.05,94,110.38,94.73,107.83,93.68
188347,115.91,105.08,122.02,112.68,104.34,86.75
188448,140.75,137.97,129.99,122.43,125.51,125.49
188549,116.57,106.51,102.94,83.35,124.35,124.33
188751,132.95,128.69,130.02,122.44,115.61,110.76
189349,113.36,101.46,113.19,99.23,110.45,99.85
189450,102.34,82.72,99.87,78.65,109.08,96.7
189551,123.18,117.68,123.84,122.43,110.96,95.15
189652,108.54,94.51,102.48,90.12,115.03,103.64
190031,138.11,134.48,127.08,119.62,125.56,125.56
190132,114.91,105.44,96.94,80.53,128.59,126.59
190940,95.31,73.34,89.91,69.2,107.82,87.95
191033,,,,,112.71,104.23
191235,123,115.78,120.61,110.85,113.88,106.8
191336,140.22,138.18,132.76,134.28,121.96,116.53
191437,114.73,105.25,109.22,100.76,116.17,105.86
191639,112.05,99.31,110.5,94.98,111.57,102.31
191841,114.05,102.58,109.72,93.88,114.81,108.85
191942,114.75,103.7,105.31,87.02,120.09,117.86
192035,108.25,93.86,103.95,92.64,113.08,99.61
192136,112.7,100.43,125.05,116.29,97.77,75.66
192237,104.39,87.39,96.82,80.31,114.84,103.31
192439,96.12,74.45,96.1,79.24,102.93,79.95
192540,123.41,116.4,123.77,114.68,111.23,101.46
192641,131.11,127.63,121.79,119.92,121.95,116.48
192843,119,110.41,111.73,97.19,118.5,115.43
193239,112.51,101.56,117.26,114.51,105.37,83.98
193441,129.31,124.33,130.8,124.26,111.03,101.16
193845,126.99,121.93,128.11,120.2,111.48,102.06
194140,99.35,79.23,98.28,82.98,106.43,85.73
194443,130.61,125.94,120.67,110.99,122.73,121.73
194645,111.02,97.5,108.36,91.88,112.26,103.63
194746,112.48,101.49,99,84.1,123.59,119.19
194847,129.9,126.12,123.09,121.65,119.37,111.76
194948,114.32,104.58,104.93,93.88,120.03,112.98
195041,119.63,112.48,110.07,102.24,120.79,114.49
195445,127.42,122.46,116.78,105.87,123.26,122.72
195647,110.22,97.51,106.22,96.01,113.35,100.21
195849,113.36,101.46,112.97,99.09,110.66,100.29
195950,109.24,95.86,110.01,102.12,108.46,89.51
196144,120.15,113.37,114.42,110.01,117.03,107.9
196346,119.02,110.41,119.01,109.01,111.24,101.53
196548,108.47,92.78,108.17,91.55,109.23,96.99
196750,120.75,112.77,125.12,116.32,107.06,91.77
196851,131.14,126.39,129.81,122.19,114.03,107.11
196952,120.47,113.86,108.17,99.08,123.7,119.29
197348,128.71,124.65,111.63,104.98,129.56,127.44
197449,101.7,83.18,99.45,84.96,108.76,90.18
197550,107.06,90.53,106.9,89.47,108.58,95.48
197651,136.67,133.61,132.73,134.19,117.77,109.22
197954,114.57,104.87,112.91,107.41,112.26,98.06
198047,129.19,125.2,114.42,109.96,127.25,124.4
198249,106.74,89.88,111.01,95.83,103.96,86.07
198350,136.35,133.02,123.11,121.71,127.05,124.07
198451,119.66,111.38,117.14,106.27,113.84,106.71
198653,138,134.42,136.44,133.29,116.09,111.46
198855,106.35,89.27,100.95,79.87,113.49,106.07
199150,107.37,91.1,109.75,93.91,106.23,90.2
199251,131.85,128.84,118,115.88,126.72,123.24
199352,153.36,153.36,130.47,123.13,133.61,134.9
199453,126.58,120.76,122.03,112.69,116.57,112.24
199554,,,,,,
199655,108.04,93.42,105.72,95.04,111.06,95.42
199958,114.39,104.68,112.12,105.92,112.89,99.16
200008,133.75,130.49,119.31,117.38,127.27,124.51
200109,150.05,148.41,144.67,147.53,116.98,107.64
200210,137.98,134.41,118.17,107.89,134.34,138.21
200311,141.04,139.12,109.12,100.54,146.89,147.35
200513,126.71,120.92,122.27,112.81,116.59,112.28
200614,112.93,102.11,111.29,104.15,111.75,96.92
200816,99.94,78.99,104.48,85.88,101.07,80.95
200917,126.36,120.09,116.06,104.67,121.96,120.68
201111,108.83,93.76,107.47,90.58,110.53,100.04
201414,124.35,117.62,107.3,90.23,128.52,130.62
201515,138.11,134.48,126.6,118.84,126.04,125.97
201717,,,,,,
201818,115.73,106.44,103.29,91.72,122.9,117.97
202113,140.53,137.15,134.76,130.46,120.4,118.22
202719,130.16,125.25,130.71,123.97,112.13,103.26
202820,109.89,96.97,108.29,99.22,110.94,95.06
203418,135.31,131.66,115.62,103.78,133.61,134.87
203721,109.85,96.91,101.31,88.17,117.88,109.49
203923,110.42,97.73,108.24,99.14,111.57,96.49
204016,124.71,119.79,109.83,101.77,126.79,123.5
204117,97.21,74.95,102.35,82.47,98.55,76.71
204218,109.65,94.98,112.91,99.04,105.98,89.68
204319,134.47,130.86,130.63,123.69,117.78,114.43
204420,118.06,108.74,110.19,94.47,118.68,115.82
204521,107.69,92.75,103.4,91.88,112.9,99.21
204622,102.5,84.3,100.34,86.38,108.81,90.2
205119,116.92,108.62,108.2,99.09,119.51,112.04
205220,130.08,126.38,118.77,116.79,123.96,120.07
205725,143.56,141.48,138.22,136.23,119.7,117.29
205826,124,118.72,108.66,100.06,127.03,124
206222,121.59,115.58,113.53,108.35,119.73,112.38
206323,111.17,98.94,117.09,114.41,103.67,81.11
206525,143.67,141.6,132.69,127.65,125.3,125.21
206727,96.84,74.62,94.87,71.31,105.36,88.28
206828,153.36,153.36,145.17,142.13,125.3,125.19
206929,113.42,102.92,105.84,95.34,117.89,109.5
207123,113.22,102.59,113.53,108.35,109.94,92.95
207426,111.86,98.81,115.11,102.78,106.6,90.91
207628,100.78,81.41,102.27,89.88,104.52,82.95
208024,117.14,109.01,109.18,100.67,118.73,110.74
208125,145.04,143.71,132.66,127.37,126.9,127.07
208226,134.55,131.01,121.94,112.6,126.68,126.58
208327,125.04,120.02,121.01,119.41,115.87,105.53
208428,92.94,69.18,90.94,71.23,102.26,78.81
208630,116.04,106.95,110.48,102.77,116.08,105.77
208832,118.86,111.56,109.87,101.92,120.23,113.5
209127,134.27,131.25,127.67,128.15,120.09,113.08
209228,133.6,129.65,112.66,98.7,133.8,136.07
209329,134.78,132.16,131.26,132.4,117.61,109.06
209531,126.82,122.48,111.77,105.27,127.24,124.36
209834,95.73,73.11,90.44,65.02,107.94,94.03
209935,112.97,100.75,115.15,102.98,107.92,93.88
210011,134.13,130.32,123.59,114.49,123.7,123.29
210112,115.1,104.28,107.96,91.26,117.81,114.51
210415,115.91,105.09,108.13,91.49,118.24,115.04
210617,121.18,115,112.93,107.48,119.84,112.55
211114,107.92,93.18,117.89,115.72,98.69,72.97
211215,153.36,153.36,135.49,131.47,153.95,153.95
211316,113.09,102.37,101.61,88.72,121.63,115.95
211417,137.25,133.86,123.77,122.31,127.04,124.03
211518,120.75,112.77,118.09,107.81,114.09,107.24
211619,128.04,122.99,115,102.66,125.52,125.5
211720,112.58,101.66,97.39,81.21,125.3,121.52
211821,117.5,107.92,110.71,95.24,117.62,114.23
211922,127.7,122.65,134.77,130.48,105.52,88.73
212015,142.52,139.3,128.28,120.3,129.34,131.35
212116,120.18,113.4,125.5,124.66,105.98,85.05
212217,96.44,74.11,97.91,75.75,101.82,82.42
212318,118.84,111.56,112.26,106.23,117.83,109.31
212419,141.2,138.66,130.06,122.53,126.29,126.26
212520,104.55,87.55,110.18,102.3,101.71,77.79
212823,118.67,110.08,106.01,88.09,123.8,123.49
212924,137.57,132.99,127.97,120.06,123.21,122.65
213017,118.28,109.19,120.31,110.47,108.82,96.01
213421,123.02,115.87,125.66,117.09,108.9,96.15
213522,129.14,124.24,117.27,106.43,124.34,124.32
214019,125.18,120.13,119.45,117.55,117.58,109.02
214221,98.65,77.26,100.69,79.65,103.03,84.64
214423,105.08,87.26,101.33,80.69,111.29,101.66
214524,128.25,123.12,123.78,114.7,116.83,112.55
214625,137.97,135.58,126.82,127.18,125.68,122.34
214726,,,,,121.98,120.69
217126,100.25,79.57,101.99,81.88,104.06,86.23
217429,135.79,132.59,122.63,120.74,127.12,124.27
218128,108.54,92.96,103.58,84.29,113.91,106.89
219231,121.33,113.95,106.27,88.6,126.73,126.98
220721,136.56,132.32,129.6,122.1,120.8,118.92
221218,89.37,62.39,89.17,68.51,97.02,69.96
221319,95.55,72.86,96.1,73.28,101.97,82.82
223929,150.17,148.56,130.7,131.64,131.02,129.27
224022,119.65,111.3,111.23,96.23,119.7,117.27
227432,111.37,99.3,107.82,98.67,113.17,99.85
227533,101.35,82.48,94.77,77.25,112.89,99.19
228434,119.16,110.55,112.73,98.78,117.64,114.23
230926,132.01,127.7,128.87,120.68,116.01,111.39
231928,125.9,120.78,119.73,117.87,117.85,109.37
233326,139.58,137.03,130.12,131.2,123.87,119.66
235128,94.27,70.96,100.67,79.56,95.1,70.55
236130,131.96,129.14,126.97,127.59,117.86,109.38
237334,109.04,94,104.67,86.11,113.53,106.19
238033,111.55,99.62,96.95,80.54,124.24,120.59
239136,107.26,92.3,107.08,97.75,108.79,90.19
239944,116.25,107.27,110.97,103.46,115.88,105.55
245333,133.75,130.49,126.25,126.18,120.33,113.77
246133,109.78,95.19,106.94,89.69,112.1,103.09
248238,131.25,128.08,117.43,115.03,126.7,123.05
248339,153.36,153.36,133.66,129.39,134.26,137.68
249947,117.49,109.43,112.82,107.22,115.44,104.59
250427,124.97,119.94,119.29,117.26,117.57,109
250932,129.73,125.97,112.45,106.62,129.9,127.83
251833,140.19,138.15,121.86,119.98,132.81,130.86
255639,120.35,112.24,120.29,110.46,111.48,102.06
255740,120.77,114.34,115.36,112.06,116.91,107.47
256540,118.31,109.25,121.85,112.52,107.31,92.6
257542,113.35,101.46,112.38,98.22,111.24,101.55
257845,133.27,129.19,124.32,115.68,121.61,120
257946,108.61,93.18,112.89,99.02,104.77,87.4
263032,90.22,62.45,95.41,71.96,92.21,65.87
263436,118.06,110.16,102.69,90.71,126.19,122.72
268749,134.06,130.25,132.76,128.05,114.28,107.52
268850,100.4,79.72,108.79,92.56,97.47,74.96
270332,149.9,148.21,125.24,124.28,136.32,136.49
274542,107.54,91.33,111.15,96.06,105.02,87.75
275645,119.36,110.87,115.24,103.13,115.34,109.94
280739,95.86,74.05,99.1,84.26,99.52,74.55
280941,138.92,136.53,123.97,122.6,129.16,127.06
281135,115.82,104.89,102.89,83.3,123.37,122.83
283543,129.3,124.31,119.84,110.15,121.95,120.66
284646,,,,,100.7,80.21
285345,101.05,81.85,98.28,82.99,108.92,90.45
285446,133.79,130.51,131.08,132.11,115.53,104.86
286347,134.1,130.7,106.2,95.95,140.96,141.58
286650,118.84,111.54,120.78,119.13,109.29,91.3
287248,104.11,86.79,100.19,86.03,110.95,95.08
289555,100.8,81.58,109.43,101.11,97.44,70.58
290136,153.36,153.36,140.39,137.76,145.5,150.96
293748,129.17,125.2,119.58,117.6,122.06,116.64
295146,103.84,85,112.22,97.96,98.57,76.76
297655,118.23,110.23,107.37,98.01,121.63,115.94
298051,122.06,115.99,119.01,116.98,114.6,102.64
298455,105.67,87.95,106.79,89.35,106.67,91.06
299154,135.06,131.45,122.25,112.78,126.72,126.97
299760,139.75,136.6,106.7,89.18,147.56,153.95
300618,125.9,119.6,122.13,112.73,115.44,110.31
300719,143.23,143.21,136.03,138.33,121.68,116.02
303119,119.41,112.19,114.71,110.67,115.94,105.61
303624,137.05,133.79,119.83,117.93,130.81,129.03
304020,130.15,126.4,126.61,127.07,116.22,105.96
304727,111.51,99.52,111.68,105.18,109.44,91.69
305830,130.48,125.52,109.5,93.63,133.6,134.82
307127,124.52,119.24,113.49,108.27,122.74,117.8
308129,122.04,114.65,129.46,121.68,104.14,86.4
308331,105.61,87.89,104.13,85.34,109.24,97
309636,153.36,153.36,141.02,138.13,126.69,126.65
310621,128.82,124.72,118.51,116.5,122.76,117.83
311320,93.39,69.13,94.15,69.78,99.99,78.99
314225,98.23,76.64,97.11,74.72,105.71,88.98
316633,153.36,153.36,133.21,128.97,143.13,147.56
316835,117.32,107.51,118,107.76,110.08,99.03
317332,134.13,130.32,127.08,119.62,120.2,117.99
318637,108.81,93.72,102.67,83.07,115.32,109.9
320826,111.29,99.2,101.5,88.56,119.41,111.88
321323,105.78,89.65,102.54,90.26,111.16,95.53
322224,120.05,113.27,103.82,92.47,127.55,124.93
325129,124.42,119.04,108.66,100.04,127.43,124.77
329440,130.57,126.78,126.42,126.68,116.83,107.3
329844,133.8,129.71,128.74,120.62,117.88,114.63
330324,130,125.14,119.72,109.98,122.88,122.18
333330,106.29,90.44,102.67,90.65,111.65,96.62
334635,110.51,96.35,100.19,78.86,119.7,117.29
336841,138.14,134.5,125.61,116.99,127.07,127.46
339847,121.14,114.91,114.93,111.01,117.8,109.29
341733,100.83,81.65,104.21,93.18,102.71,79.64
341834,140.58,137.24,130.12,122.63,125.11,125.05
341935,,,,,122.72,121.62
342129,143.67,141.6,131.8,126.04,126.19,126.12
346137,118.86,111.56,121.49,119.8,108.61,89.87
346945,123.55,116.53,121.7,112.31,113.43,105.86
348545,134.31,130.63,135,130.86,112.91,104.82
349244,121.92,114.6,122.53,113.16,110.99,101.08
350330,135.49,131.83,132.39,127.09,117.12,113.46
351938,118.6,109.97,105.22,86.9,124.5,124.51
352132,118.51,109.81,109.41,93.37,120.17,117.92
352738,139.67,137.33,127.49,127.97,126.7,123.07
353740,129.22,124.28,129.82,122.23,111.89,102.91
354439,122.3,116.3,116.31,113.31,117.52,108.97
354944,113.53,101.91,87.25,60.11,136.69,141.37
355239,106.73,89.82,102.7,83.1,112.23,103.61
355542,103.1,83.93,106.97,89.75,102.94,84.51
355845,126.88,121.4,116.5,105.41,122.73,121.75
356948,122.51,116.47,114.17,109.54,119.84,112.55
358144,130.98,127.58,132.08,133.18,111.61,96.55
360030,134.93,132.19,125.61,124.95,123.33,118.54
361234,110.75,98.37,103.34,91.8,116.92,107.49
361941,129.86,124.77,115.67,103.8,126.71,126.89
362034,98.18,77.31,93.23,75.05,109.56,91.93
365343,135.89,132.85,120.65,118.85,129.22,127.09
366042,134.45,130.77,123.06,113.77,125.3,125.2
366446,108.58,93.11,103.65,84.43,113.93,106.98
368551,126.33,120.02,113.96,100.75,123.99,123.9
368753,153.36,153.36,132.74,134.21,133.44,131.26
370740,113.36,101.47,113.17,99.14,110.48,99.92
371843,114.8,105.28,110.69,103.08,114.74,102.94
373039,111.85,100.32,113.22,107.85,108.45,89.49
376247,132.94,128.67,124.84,116.07,120.78,118.76
377451,121.25,113.86,110.29,94.62,122.64,121.39
378756,152.47,149.26,125.51,116.81,137.6,141.51
378857,121.4,115.25,108.66,100.03,124.39,120.72
379657,119.16,110.55,110.04,94.27,120.33,118.12
380036,145.39,143.81,132.67,127.41,127.05,127.4
381038,113.11,102.51,111.33,104.2,112.03,97.39
381543,134.13,130.73,135.45,137.63,111.83,97.04
382242,151.49,152.87,128.56,129,133.96,132.87
382545,139.99,137.99,120.91,119.34,133.53,131.36
384448,124.51,119.19,109.18,100.68,127.04,124.02
385046,110.28,96.03,99.06,77.3,120.58,118.54
385450,129.73,124.73,121.98,112.65,120.37,118.21
386250,119.86,111.57,104.47,85.86,126.72,126.92
387959,122.68,115.23,120.5,110.73,113.61,106.29
389357,117.08,107.26,114.56,101.75,113.33,105.74
390645,,,,,,
391748,133.18,129.84,135.87,138.12,109.94,93
392447,137.6,134.34,132.76,134.28,118.57,110.45
392750,145.06,146.05,135.1,136.89,124.47,120.73
393247,,,,,114.83,103.23
393550,137.65,133.64,135.04,131.18,116.57,112.25
394956,99.79,78.71,107.76,91,97.61,75.32
395251,134.29,130.59,111.37,96.55,136.47,140.92
395756,113.13,102.54,106.81,97.15,116.58,106.7
395958,97.4,75.1,100.56,79.32,100.74,80.35
397154,142.39,139.24,122.78,113.43,134.66,138.67
397760,123.44,118.11,115.49,112.23,119.57,112.23
397861,130.6,126.84,114.92,111,128.44,126.02
398964,100.91,81.78,96.87,80.34,110.15,93.45
401422,144.86,145.93,138.66,141.46,120.81,114.58
403628,92.84,67.94,98.9,77.1,94,68.85
406432,123.93,117.24,118.41,108.29,117.2,113.64
406836,118.78,111.44,114.42,109.96,115.53,104.82
412528,122.5,116.47,121.14,119.48,112.86,99.03
413934,120.82,114.37,103.81,92.44,128.5,126.36
414229,128.25,124.27,127.23,127.91,113.39,100.29
415837,112.52,100.2,114.43,101.55,108.21,94.53
419239,105.22,87.4,109.72,93.87,103.08,84.79
421226,130.16,126.41,116.05,113.1,126.79,123.5
422632,116.56,106.47,110.26,94.61,117.01,113.11
424939,129.84,124.76,114.28,101.11,128.09,129.68
429040,,,,,,
432332,131.15,127.87,125.52,124.82,118.36,110.14
433839,110.39,96.16,109.19,93.13,110.57,100.11
435136,120.11,113.31,125.09,123.8,106.3,85.59
436239,111.55,99.63,108.3,99.29,112.9,99.23
436845,119.63,111.22,107.17,90.1,123.69,123.26
441939,131.91,127.6,120.67,111,124.11,124.01
445543,113.12,102.52,113.36,108.02,110.01,93.09
446545,109.65,95.02,105.7,87.62,113.22,105.54
448347,142.14,139.12,129.68,122.18,127.41,128.13
449753,125.08,118.9,117.58,106.94,119.33,116.63
453441,134.01,130.65,123.43,121.88,123.5,119.01
453542,108.45,94.32,109.57,101.55,107.8,87.91
454140,101.85,83.58,102.34,89.97,106.18,85.41
456346,113.87,102.37,105.26,86.97,119.05,116.29
457045,131.19,126.53,125.16,116.38,118.85,116.07
459453,117.11,108.99,106.92,97.4,120.98,114.82
461743,101.83,82.02,102.51,82.7,105.93,89.56
462139,120.41,112.38,104.99,86.54,126.85,127.06
463040,119.46,112.23,107.18,97.85,123.5,119.01
465852,101.65,81.8,102.55,82.87,105.6,88.83
467351,129.07,125.18,120.79,119.15,120.78,114.39
468050,126.24,121.15,116.23,113.21,121.69,116.08
469961,137.75,135.14,131.3,132.46,120.82,114.61
473952,98.36,77.67,102.77,90.84,100.42,75.92
475855,121.69,115.68,104.93,93.88,128.42,125.84
479762,109.65,95.01,98.71,76.84,120.2,117.98
480141,111.29,97.76,118.32,108.15,102.59,83.76
481042,107.26,92.3,103.74,92.33,112.12,97.69
481143,133.49,130.34,123.1,121.68,123.21,118.4
481951,137.09,132.44,129.25,121.24,121.42,119.62
485757,137.64,134.47,131.31,132.47,120.23,113.54
486759,119.24,111.91,110.91,103.34,119.52,112.1
492754,109.41,96.13,106.54,96.63,112.12,97.7
495255,130.11,126.39,119.05,116.99,123.74,119.41
497764,104.74,86.8,106.34,88.71,105.88,89.33
497865,118.47,109.68,103.8,84.62,125.71,125.62
499566,153.36,153.36,133.83,129.46,130.58,132.27
500222,122.78,115.4,118.59,108.49,115.62,110.77
506234,133.49,129.52,117.39,106.62,128.91,131.22
510225,129.26,124.29,115.13,102.92,126.62,126.52
510326,106.33,90.52,105.85,95.42,108.54,89.65
512835,124.56,119.42,109.46,101.24,126.94,123.73
513130,99.62,78.64,98.71,76.83,106.52,90.76
513736,153.36,153.36,130.63,123.7,134.29,137.79
516742,119.27,111.92,103.51,91.97,126.93,123.71
517239,113.09,100.99,115.94,104.34,107.31,92.61
518746,107.53,91.27,109.66,93.84,106.49,90.74
519647,97.84,75.78,94.3,70.17,107.74,93.48
519950,111.8,100.22,108.82,100.28,112.77,98.87
520228,114.18,102.8,105.17,86.7,119.55,117.13
521331,118.45,110.61,112.54,106.75,116.81,107.25
522434,131.41,126.79,129.45,121.67,114.89,109.09
523032,134.17,130.93,113.86,109.2,133.56,131.48
524135,138.29,134.59,144.48,141.23,108.37,94.79
525541,148.84,147.25,137.64,141.07,123.37,118.77
529549,114.08,102.65,121.13,111.74,103.48,85.34
529953,118.6,109.97,108.48,91.96,121.23,119.28
530635,120.82,112.93,108.5,92.07,123.81,123.5
531536,121.18,115.01,104.3,93.26,128.48,126.2
531940,144.87,143.66,125.63,117.02,133.85,136.41
536647,93.46,70.5,91.24,71.62,103.07,80.19
537952,145.57,143.86,137.94,135.97,121.86,120.47
540436,124.39,118.94,100.68,86.98,135.29,135.85
541640,153.36,153.36,133.16,128.65,147.48,153.95
541943,110.7,96.74,110.12,94.39,110.01,98.91
545345,111.76,100.13,97.35,81.18,124.17,120.42
547046,111.81,98.73,107.4,90.39,114.21,107.39
548250,135.36,131.7,127.71,119.89,121.61,120.08
549757,107.11,90.7,111.87,97.35,103.74,85.67
550035,153.36,153.36,146.64,143.18,122.72,121.64
550439,104.69,86.61,102.46,82.56,109.58,97.87
551138,97.81,75.76,102.78,83.18,99.22,77.74
552241,91.49,65.16,93.74,69.18,96.66,73.53
552544,101.09,81.88,100.36,86.39,106.89,86.52
553344,119.65,112.59,103.66,92.28,127.29,124.56
555348,93.41,70.28,91.24,71.62,102.97,80.08
555651,116.63,108.15,109.45,101.16,117.92,109.64
555954,112.7,101.84,116.5,113.47,106.32,85.6
557857,120.26,112.12,119.61,109.88,112.08,103.04
558657,120.9,113.31,102.7,83.1,129.76,131.68
558960,122.49,116.46,109.99,102.08,123.99,120.17
559053,119.83,112.78,114.88,110.98,116.24,105.97
559457,114.55,104.83,106.69,96.84,118.41,110.18
561242,139.08,135.17,132.45,127.15,120.78,118.84
561444,134,129.85,129.33,121.29,117.56,114.17
561949,140.67,137.81,144.86,141.43,110.51,99.98
562345,114.1,104.25,109.24,100.8,115.44,104.59
562446,116.56,107.96,104.17,93.12,123.11,118.13
564046,97.59,76.48,97.86,82.07,103.8,81.46
565452,106.72,89.82,106.81,89.36,108.11,94.27
566454,127.38,122.44,125.31,116.54,114.7,108.51
567052,134.09,130.69,120.89,119.32,126.24,122.74
567759,135.82,132.67,136.12,138.67,113.66,100.77
567961,104.93,87.05,104.95,86.47,107.52,93.18
568963,135.75,132.5,119.43,117.52,130.27,128.57
569864,97.7,75.65,103.66,84.46,98.22,76.09
569965,131.79,128.79,116.82,114.08,127.83,125.32
570243,115.59,104.74,119,108.98,107.12,91.83
571043,108.15,92.23,113.19,99.21,103.68,85.6
571144,153.36,153.36,144.03,141.07,128.47,130.24
571548,88.5,59.34,89.25,63.61,95.14,70.59
572045,113.46,102.96,111.5,104.54,112.27,98.08
573249,133.14,129.82,130.88,132.04,114.87,103.34
573451,145.01,143.7,131.2,125.08,128.35,129.79
574958,147.25,146.68,121.98,120.04,138.34,138.09
576255,134.57,132.06,113.75,108.91,134.9,135.3
577762,116.32,107.45,97.77,81.91,129.21,127.08
578057,105.75,88.17,106.32,88.7,107.28,92.51
578158,146.04,146.41,132.74,134.21,127.26,124.5
579665,101.63,83,103.49,91.92,104.58,82.98
579867,130.04,126.36,127.08,127.73,115.58,104.94
580044,117.63,109.69,112.97,107.5,115.48,104.73
580347,107.3,91.06,110.16,94.44,105.77,89.12
580650,117.96,110.12,109.83,101.83,118.94,111.15
580751,143.45,140.92,135.17,131.26,122.68,121.54
581349,114.75,105.26,124.82,123.66,100.58,76.11
581450,153.36,153.36,143.94,141.04,120.79,118.91
583858,105.1,88.41,105.13,94.11,107.54,87.6
584355,111.99,100.61,104.67,93.58,117.22,108.31
585256,90.63,64.41,93.23,75.01,95.25,67.62
585862,107.41,91.16,113.81,100.48,102.25,83.2
586460,118.45,109.44,120.89,111.41,108.47,95.07
587664,111.9,98.92,112.35,98.11,109.44,97.69
588565,111.1,98.84,112.02,105.65,108.66,89.99
589567,118.79,110.18,120.66,110.97,109.32,97.31
590047,120.78,112.9,107.45,90.57,124.85,124.9
592455,124.83,119.82,114.69,110.65,121.98,116.58
594156,,,,,118.83,110.8
597869,121.96,115.98,110.22,102.34,123.37,118.86
598568,153.36,153.36,133.36,129.1,133.77,135.99
599065,134.63,131.2,130.96,124.72,117.77,114.39
599469,107.3,92.34,103.79,92.41,112.14,97.77
599671,118.25,109.11,109.41,93.38,119.64,117.19
601127,153.36,153.36,136.44,133.29,127.38,128.01
604537,143.48,141.24,128.69,120.58,129.18,131.28
609143,140.38,138.3,121.4,119.74,133.54,131.38
611231,93.42,70.47,102.02,89.37,92.23,62.69
611938,139.79,136.63,124.33,115.69,129.96,131.96
613235,126.41,120.49,125.24,116.5,113.16,105.39
613538,118.26,109.15,112.62,98.66,116.49,112.03
614439,126.87,121.37,104.91,86.4,134.28,137.73
615441,97.17,74.94,93.04,68.28,107.78,93.58
615744,127.31,123.38,128.85,129.28,110.96,95.15
616645,130.74,126.1,113.55,99.99,129.95,131.95
617748,123.8,118.49,110.33,102.56,125.08,121.22
618952,112.7,100.42,108.29,91.8,114.52,108.15
620333,98.01,77.1,95.28,78.03,107.14,86.75
620434,113.88,102.38,111.41,96.65,112.92,104.82
622236,118.58,109.95,112.43,98.37,117.26,113.76
623137,127.15,123.18,113.48,108.21,126.23,122.74
623844,131.82,127.35,131.8,126.03,112.9,104.81
626648,134.34,130.65,118.07,107.81,129.93,131.92
627549,111.75,100.13,110.99,103.52,110.52,94.12
627852,119.32,110.7,107.85,91.11,122.67,121.52
628248,127.17,122.12,116.97,106.06,122.76,122
630134,108.36,94.03,107.75,98.57,109.42,91.58
632037,116.8,106.94,117.97,107.69,109.64,98.01
632845,119.48,111.04,114.96,102.5,115.77,111.08
633847,134.4,130.69,124.21,115.57,123.98,123.89
634748,153.36,153.36,133.95,129.53,138.84,142.59
635245,,,,,124.36,120.7
638049,120.91,114.61,111.47,104.48,121,114.86
644044,110.74,98.33,99.68,85.29,120.57,114.11
644246,108.03,93.35,99.92,85.66,116.8,107.24
645450,129.22,125.22,125.7,125.18,116.01,105.72
645551,112.92,100.68,106.32,88.69,116.71,112.44
646048,134.09,130.69,123.83,122.42,123.32,118.5
647858,131.17,126.48,122.45,113.03,121.5,119.69
650746,126.35,120.03,118.26,108.09,119.7,117.27
654350,137.63,134.46,115.24,111.86,136.28,136.3
654552,124.51,119.19,124.33,123.01,111.88,97.24
654754,110.68,98.09,118.77,116.79,101.3,77.25
656253,128.29,123.17,114.15,100.89,126.6,126.5
656657,114.72,103.65,106.78,89.34,118.58,115.64
657659,123.97,117.26,116.5,105.41,119.15,116.44
660951,110.63,97.96,107.2,97.87,112.81,98.94
662551,116.26,105.95,108.2,91.6,118.68,115.81
663755,124.4,117.89,113.61,100.14,122.41,121.03
664757,105.19,87.39,114.06,100.78,98.71,76.97
665254,126.85,122.5,126.18,125.99,112.9,99.22
667056,132.11,127.77,134.21,130,110.71,100.4
668361,122.6,116.54,114.56,110.34,119.51,112.06
671855,139.46,135.87,126.17,117.7,127.56,128.53
672756,114.99,105.5,114.67,110.63,110.9,95.03
673455,143.66,143.38,131.77,132.74,126.21,122.73
675661,126.01,120.89,121.02,119.42,116.7,107.05
677766,124.49,119.11,114.55,110.31,121.6,115.85
677968,116.7,108.37,114.33,109.81,113.17,99.84
679568,137.96,135.55,130.52,131.39,121.97,116.55
679770,109.11,94.12,112.6,98.64,105.72,89
680250,133.44,129.4,123.05,113.76,123.14,122.58
680452,108.43,94.2,101.46,88.49,115.84,105.47
680957,125.12,120.11,125.51,124.7,111.48,96.32
683256,126.61,122.15,114.73,110.81,124,120.18
685058,130.98,127.58,115.8,112.68,127.89,125.4
686969,131.39,126.78,124.63,115.88,119.69,117.26
687062,119.51,112.28,107.1,97.79,123.66,119.22
687163,126.82,121.15,124.22,115.61,114.77,108.7
688569,,,,,,
689369,99.54,79.65,100.85,87.33,104.21,82.02
689470,116.63,108.12,104.21,93.17,123.15,118.23
690152,153.36,153.36,134.91,136.55,132.82,130.87
692964,108.72,93.42,110.65,95.14,107.2,92.17
693461,124.81,119.8,117.78,115.63,118.87,111.03
693764,119.32,111.99,105.2,94.26,125.32,121.72
694362,113.53,101.91,108.65,92.32,115.29,109.88
695768,98.62,77.24,102.95,83.39,100.71,80.22
696063,118.75,111.38,115.09,111.46,114.82,103.14
698168,121.66,114.33,110.22,94.49,123.11,122.53
700634,126.53,122,126.9,127.38,111.65,96.67
701535,139.77,137.79,127.47,127.96,126.81,123.51
702133,118.22,110.23,114.67,110.58,114.32,101.99
704238,127.31,122.15,112.92,99.05,126.88,127.06
705341,136.4,133.06,121.7,119.88,128.51,126.4
706040,94.51,71.26,97.41,75.13,98.75,77.07
707244,95.25,72.41,101.86,81.59,95.63,71.67
707749,116.57,107.98,111.54,104.7,115.75,105.35
709551,150.12,148.49,140.08,142.52,121.61,115.86
713239,138.71,136.4,127.39,127.95,125.63,122.3
715041,99.53,79.62,102.46,90.09,102.55,79.28
715647,145.19,146.1,133.51,135.11,126.12,122.63
715950,134.5,130.94,125.18,116.39,123.33,122.74
720337,137.95,134.4,131.18,125.03,121.3,119.3
723141,124.83,119.82,108.67,100.11,128,125.56
724446,148.92,146.39,132.48,127.16,128.57,130.77
725751,107.72,91.56,110.85,95.5,105.53,88.79
727553,147.14,145.3,119.3,109.41,140.99,145.76
727654,117.63,108.16,114.94,102.4,113.51,106.15
728454,133.22,130.01,123.14,121.74,122.74,117.78
729254,107.69,91.46,103.54,84.25,112.77,104.34
729355,118.84,110.24,114.72,102.21,115.36,110.12
729557,111.02,97.5,107.18,90.11,113.44,105.89
731140,130.89,127.28,131.34,132.5,112.28,98.08
732243,131.17,127.93,118.84,116.85,125.12,121.35
733548,134.34,131.6,125.61,124.96,122.39,117.1
734045,143.8,141.74,131.37,125.41,126.7,126.67
734247,118.53,110.97,102.9,91.06,126.7,123.1
735148,136.74,132.38,144.09,141.09,106.47,90.69
737960,142.13,139.12,128.61,120.46,128.47,130.26
742549,115,104.07,111.92,97.46,113.66,106.45
743248,137.59,134.3,126.63,127.13,124.67,120.88
744553,118.74,111.38,107.55,98.27,122.35,116.99
745555,105.74,89.55,104.89,93.82,108.69,90.05
748056,139.55,137,122.46,120.61,131.46,129.75
748258,124.4,117.84,126.36,118.32,109.64,98.05
748662,124.37,118.9,112.75,107.16,123.12,118.15
749058,140.43,137,135,130.88,120,117.8
749361,115.93,105.18,105.08,86.61,121.34,119.37
751348,129.36,124.48,112.74,98.8,129.25,131.29
751550,119.02,111.73,98.58,83.33,131.67,130.07
753150,134.2,130.36,125.87,117.39,121.65,120.16
753251,134.47,130.88,127.84,119.97,120.58,118.56
756055,102.88,83.64,101.75,81.36,107.88,93.76
757764,127.69,123.97,109.18,100.67,131.09,129.53
759869,132.5,129.49,117.36,114.74,127.83,125.32
760551,120.85,113.01,126.87,119.36,105.49,88.67
761957,138.32,136.24,126.67,127.16,126.21,122.73
763557,143.96,141.92,122.89,113.6,135.28,139.4
765056,134.41,130.7,115.14,102.98,133.1,134.34
765864,135.81,132.08,113.53,99.9,136.24,140.52
766563,109.19,94.26,104.4,85.75,114.01,107.09
767464,114.92,105.45,103.58,92.1,121.96,116.53
769064,129.07,124.23,116.01,104.54,125.56,125.56
770352,112.91,102.09,108.48,99.52,114.54,102.6
771354,153.36,153.36,138.48,136.39,131.1,132.65
773257,123.64,116.66,113.79,100.46,121.41,119.6
774663,127.43,122.46,123.59,114.49,116.46,111.98
779370,117.98,108.62,125.16,116.38,103.64,85.52
782157,91.43,64.77,99.79,78.52,90.44,63.03
782561,122.09,116.06,123.85,122.46,109.79,92.64
783462,139.66,136.49,132.41,127.13,121.76,120.31
784565,116.01,105.29,110.7,95.21,115.81,111.14
786569,108.03,93.35,109.84,101.88,106.88,86.49
788674,114.56,104.84,109.45,101.18,115.67,105.21
788876,110.71,98.19,102.22,89.74,117.95,109.69
789373,140.88,138.13,140.86,138,114.84,109.03
792564,114.9,105.39,112.6,106.9,112.9,99.2
792766,115,105.52,105.01,94,120.57,114.12
792867,122.73,116.68,112.2,106.13,121.94,116.46
793465,134.01,129.94,126.37,118.34,120.55,118.42
800941,133.56,130.35,133.19,134.56,113.22,99.97
802844,104.63,86.55,115.37,103.43,96.61,73.47
803240,133.91,129.76,122.73,113.25,123.98,123.89
804646,110.74,98.28,113.95,109.33,106.29,85.59
809252,125.58,119.29,125.64,117.03,111.69,102.55
810439,138.06,134.46,129.21,121.11,123.38,122.94
810843,134.07,130.68,121.18,119.61,125.88,122.42
812746,101.35,81.1,114.15,100.9,93.45,68.15
814548,110.88,98.57,105.73,95.1,114.67,102.69
814649,106.86,90.21,112.73,98.8,102.5,83.66
815247,129.35,124.47,114.92,102.32,127.04,127.38
816653,120.93,113.37,110.23,94.51,122.29,120.79
816855,111.16,97.58,97.99,75.99,122.74,121.76
818455,151.05,150.5,119.42,117.49,142.83,143.93
818859,108.58,94.66,97.27,81.09,120.35,113.85
820745,114.83,105.29,102.48,90.14,122.96,118.06
822244,92.92,68.18,94.36,70.35,98.79,77.08
822850,119.31,110.68,110.18,94.45,120.32,118.1
825048,120.35,113.75,115.33,111.89,116.43,106.25
825351,133.85,129.73,115.94,104.34,130.72,132.4
825553,131.11,126.37,121.14,111.74,122.63,121.38
825654,109.41,96.13,111.79,105.28,106.87,86.48
826353,134.61,132.08,120.76,118.97,127.94,125.42
826454,133.12,128.78,116.04,104.62,129.67,131.66
827052,134.55,131.01,126.85,119.34,121.77,120.32
828862,130.77,126.11,118.83,108.83,124.69,124.64
832651,126.59,120.79,110.8,95.44,127.86,129.48
833148,118.78,110.18,109.19,93.15,120.78,118.83
833249,113.08,100.96,114.91,102.32,108.32,94.72
835657,99.96,79.98,101.89,89.29,103.7,81.22
837560,113.39,102.91,106.56,96.67,117.16,108.14
837863,116.02,106.94,103.76,92.35,122.77,117.84
837964,121.71,115.7,117.73,115.5,115.65,105.18
841349,115.02,104.08,108.48,91.97,117.12,113.45
843151,122.6,115.19,106.76,89.25,127.31,127.95
844961,105.53,89.07,100.85,87.34,112.4,98.3
845458,115.02,105.54,110.2,102.32,115.4,104.45
849264,110.54,97.85,97.59,81.59,122.32,116.94
849971,113.79,102.24,100.87,79.84,123.35,122.76
852455,135.43,132.35,128.63,129.04,120.79,114.51
856463,104.19,87.01,102.28,89.88,109.09,90.92
856766,103.55,86.05,112.27,106.23,98.17,72.07
856968,153.36,153.36,138.88,142.08,140.81,141.52
857263,94.01,70.47,96.34,73.77,98.98,77.36
859671,114.56,104.84,105.65,94.93,119.48,111.98
861456,113.27,102.66,109.67,101.65,113.88,101.23
865363,116.21,105.78,114.66,102.01,112.12,103.21
867468,102.61,83.16,111.53,96.84,97.73,75.63
869472,134.48,130.91,133.7,129.41,114.76,108.69
870861,128.29,124.33,118.36,116.33,122.4,117.1
871762,130.99,126.34,116.05,104.65,127.65,128.64
871964,149.32,147.48,107.28,97.91,153.95,153.95
872158,134.28,130.57,124.71,115.93,123.1,122.49
872562,118.04,110.16,106.21,95.98,122.63,117.39
872764,,,,,117.5,114.09
873968,135.51,131.85,124.23,115.62,125.3,125.2
876873,98.09,77.21,100.55,86.61,102.01,78.3
877168,116.32,107.39,111.69,105.21,115.27,103.91
877269,99.44,78.43,102.01,81.9,102.8,84.2
878574,118.72,110.15,110.01,94.24,119.88,117.74
878776,153.18,152.42,135.89,132.13,127.65,128.64
878877,121.55,114.13,100.96,79.9,132.19,133.18
880157,137.53,133.96,125.67,125.17,125.31,121.62
882161,115.02,105.54,113.48,108.16,112.12,97.7
884064,117.66,109.79,104.22,93.19,124.27,120.68
884973,96.56,74.96,92.6,73.99,107.28,87.15
885975,120.85,113.01,108.63,92.29,123.73,123.36
886674,131.88,127.57,115.13,102.82,129.62,131.6
887373,135.4,132.34,124.88,123.7,124.5,120.74
888678,141.32,139.59,122.44,120.5,134.15,133.21
889579,126.24,121.15,113.36,108.02,124.56,120.78
891667,102.62,83.19,97.59,75.23,111.71,102.6
894067,129.23,125.22,125.67,125.17,116.05,105.75
894673,117.97,110.14,114.43,110.09,114.36,102.21
894774,153.36,153.36,128.9,120.73,141.5,146.35
896778,128.66,124.56,123.84,122.43,117.2,108.21
896879,114.91,105.44,116.34,113.35,109.19,91.08
898176,134.15,130.88,127.86,128.44,119.49,111.98
899885,131.23,126.56,119.47,109.74,124.62,124.58
901038,120.13,113.32,123.99,122.62,107.42,87.39
901139,129.9,124.85,127.35,119.74,115.11,109.52
901442,128.24,124.26,114.99,111.39,125.61,122.3
902242,128.04,124.24,116.78,114.03,123.74,119.4
904044,114.59,104.97,110.43,102.71,114.81,103.11
905147,129.35,125.4,118.59,116.57,123.36,118.73
907656,130.27,126.56,130.9,132.06,112.12,97.7
908860,143.96,141.92,123.37,114.26,134.8,138.82
910241,111.87,100.42,101.98,89.36,119.75,112.4
910443,148.42,146.2,136.89,133.98,123.93,123.65
911849,122.22,116.18,110.17,102.29,123.59,119.19
912447,104.7,86.63,101.05,80.14,111.02,101.13
912548,111.57,99.65,112.69,107,108.54,89.65
915554,140.01,136.8,134.38,130.13,120.08,117.86
917255,134.12,130.71,118.71,116.71,128.53,126.48
917558,118.82,111.5,115.61,112.43,114.42,102.38
919158,137.67,134.57,135.99,138.25,115.74,105.31
919966,108.41,94.19,111.03,103.57,106.26,85.53
922854,122.48,116.42,121.39,119.73,112.56,98.47
923755,120.52,113.98,115.71,112.65,116.26,106.04
926862,117.9,108.52,106.41,88.79,122.26,120.77
927359,126.62,120.89,126.66,119.11,112.14,103.33
929464,111.55,99.62,105.83,95.32,115.36,104.28
930449,112.33,99.79,109.26,93.22,113.14,105.35
932554,123.44,116.46,113.37,99.53,121.68,120.17
933253,151.06,150.59,138.16,141.29,124.1,120.32
937160,118.24,110.24,115.69,112.52,113.32,100.16
940553,86.34,56.36,84.59,57.12,95.95,72.05
942658,153.36,153.36,144.58,147.39,124,120.22
943862,135.43,131.77,124.93,116.2,124.5,124.5
946666,124.68,119.74,113.48,108.17,123.1,118.12
947668,128.7,124.63,114.46,110.2,126.7,123.06
951457,117.34,109.31,116.74,113.92,111.39,96.17
952863,121.36,113.98,119.86,110.21,113.17,105.46
953764,122.94,117.02,125.24,124.27,109.1,90.93
955465,114.1,102.73,118.59,108.5,106.07,89.95
957974,116.68,106.7,114.07,100.8,113.37,105.77
958976,110.38,96.15,101.98,81.87,117.77,114.4
959069,128.47,124.47,113.18,107.68,127.72,125.18
959574,123.09,115.94,104.06,85.14,130.56,132.27
962058,106.34,89.26,112.35,98.12,102.07,82.96
965367,120.93,114.65,115.03,111.42,117.49,108.85
965771,97.81,76.75,104.8,93.74,97.21,70.16
966975,105.1,87.31,114.07,100.79,98.59,76.84
969476,114.3,104.52,120.01,118.17,104.87,83.37
970764,153.15,152.25,129.91,122.34,133.61,134.85
971160,142.28,139.19,125.67,117.14,131.61,132.91
972566,144.79,145.66,135.12,136.94,124.24,120.59
973770,98.86,77.53,99.38,77.95,104.68,87.31
978578,119.59,112.46,109.4,101.02,121.41,115.53
979984,107.92,93.17,102.22,89.81,114.35,102.12
983773,141.03,138.28,122.46,113.09,133.53,134.59
984472,139.66,136.49,125.66,117.09,128.51,130.58
987074,135.53,131.88,133.16,128.64,116.4,111.92
987983,127.81,122.84,113.47,99.66,126.96,127.21
989987,126.45,121.88,121.97,120.03,116.52,106.52
990366,117.89,108.47,124.93,116.2,103.71,85.65
991267,140.97,139.07,129.94,130.42,125.92,122.47
992673,106.08,90.16,94.73,77.15,119.39,111.85
992774,109.5,96.24,111.07,103.64,107.68,87.64
993675,139.38,135.54,119.3,109.44,134.24,137.59
994273,122.98,117.06,100.46,86.56,133.94,132.86
995174,112.19,99.56,111.34,96.44,110.89,100.79
996782,128.04,122.99,104.16,85.4,136.36,140.71
